,TMAX,TMIN,WMAX,RTOT
2010-06-13,31.14,13.34,6.981403870282824,72.82000000000001
