,TMAX,TMIN,WMAX,RTOT
2010-10-31,24.54,2.14,11.364858116140297,10.290000000000001
