,TMAX,TMIN,WMAX,RTOT
2010-12-25,0.44,-10.06,6.203224967708329,19.349999999999998
