,TMAX,TMIN,WMAX,RTOT
2010-02-18,-0.26,-14.06,8.845903006477066,3.4000000000000004
