,TMAX,TMIN,WMAX,RTOT
2010-12-02,9.24,-5.16,9.786214794290998,40.54999999999999
