,TMAX,TMIN,WMAX,RTOT
2010-05-28,29.84,12.64,6.403124237432849,42.68999999999999
