,TMAX,TMIN,WMAX,RTOT
2010-04-06,20.44,0.14,10.282509421342633,6.700000000000001
