,TMAX,TMIN,WMAX,RTOT
2010-02-15,-2.56,-16.96,12.23478647136925,15.939999999999998
