,TMAX,TMIN,WMAX,RTOT
2010-02-04 12:00:00,0.44,-1.06,8.275868534480233,9.189999999999998
