,TMAX,TMIN,WMAX,RTOT
2010-08-14,37.44,14.54,4.669047011971501,4.699999999999999
