,TMAX,TMIN,WMAX,RTOT
2010-05-25 12:00:00,28.84,17.84,1.91049731745428,3.6999999999999993
