,TMAX,TMIN,WMAX,RTOT
2010-09-29,32.34,11.24,7.392563831310488,21.800000000000008
