,TMAX,TMIN,WMAX,RTOT
2010-12-15,3.44,-18.46,13.507405376311173,36.53000000000001
