,TMAX,TMIN,WMAX,RTOT
2010-02-02,0.04,-12.26,9.904039579888602,6.709999999999997
