,TMAX,TMIN,WMAX,RTOT
2010-09-21 12:00:00,29.54,20.04,3.4655446902326914,14.879999999999999
