,TMAX,TMIN,WMAX,RTOT
2010-01-14 12:00:00,1.64,-1.76,3.132091952673165,0.33000000000000007
