,TMAX,TMIN,WMAX,RTOT
2010-10-17 12:00:00,15.74,5.64,5.8898217290508885,0.43000000000000005
