,TMAX,TMIN,WMAX,RTOT
2010-12-23,-0.06,-13.96,7.566372975210778,8.469999999999995
