,TMAX,TMIN,WMAX,RTOT
2010-12-30 12:00:00,12.64,7.24,8.448076704197234,10.719999999999999
