,TMAX,TMIN,WMAX,RTOT
2010-12-06,9.04,-5.56,9.087353850269066,23.730000000000008
