,TMAX,TMIN,WMAX,RTOT
2010-06-02,28.84,11.74,5.162363799656124,17.279999999999998
