,TMAX,TMIN,WMAX,RTOT
2010-12-19,3.04,-13.96,15.741982086128798,20.619999999999994
