,TMAX,TMIN,WMAX,RTOT
2010-02-17,-0.36,-17.26,11.734138229968147,27.369999999999997
