,TMAX,TMIN,WMAX,RTOT
2010-05-06,22.94,4.64,9.912618221237011,63.61999999999999
