,TMAX,TMIN,WMAX,RTOT
2010-05-13,24.34,2.94,8.260750571225353,37.49999999999999
