,TMAX,TMIN,WMAX,RTOT
2010-08-21,35.94,14.54,4.675467891024383,9.249999999999998
