,TMAX,TMIN,WMAX,RTOT
2010-05-09,26.94,3.84,9.402127418834528,26.580000000000002
