,TMAX,TMIN,WMAX,RTOT
2010-07-31,33.34,17.84,6.1220911460055865,21.869999999999997
