,TMAX,TMIN,WMAX,RTOT
2010-12-20 12:00:00,1.44,-2.56,6.5069193939989765,0.9600000000000001
