,TMAX,TMIN,WMAX,RTOT
2010-08-13,37.34,14.54,3.6999999999999997,13.659999999999998
