,TMAX,TMIN,WMAX,RTOT
2010-04-15 12:00:00,18.04,7.94,6.777905281132217,2.8999999999999995
