,TMAX,TMIN,WMAX,RTOT
2010-05-31,29.54,10.94,5.0990195135927845,6.299999999999999
