,TMAX,TMIN,WMAX,RTOT
2010-12-22,-2.66,-15.06,8.10246875958186,7.069999999999999
