,TMAX,TMIN,WMAX,RTOT
2010-07-21 12:00:00,29.44,22.24,5.597320787662611,9.719999999999999
