,TMAX,TMIN,WMAX,RTOT
2010-01-13 12:00:00,1.24,-3.26,5.724508712544684,0.8700000000000001
