,TMAX,TMIN,WMAX,RTOT
2010-11-23 12:00:00,6.84,-2.06,7.694153624668537,11.280000000000001
