,TMAX,TMIN,WMAX,RTOT
2010-10-23,22.64,3.54,6.296824596572467,0.9299999999999999
