,TMAX,TMIN,WMAX,RTOT
2010-12-27 12:00:00,-2.36,-10.06,5.021951811795888,0.13999999999999999
