,TMAX,TMIN,WMAX,RTOT
2010-01-07 12:00:00,-3.46,-13.66,8.645229898620395,1.3400000000000003
