,TMAX,TMIN,WMAX,RTOT
2010-02-05,3.34,-11.56,7.286288492778748,0.8200000000000001
