,TMAX,TMIN,WMAX,RTOT
2010-06-06,29.14,8.64,6.212889826803627,32.56000000000001
