,TMAX,TMIN,WMAX,RTOT
2010-04-23,25.54,2.94,6.777905281132217,3.5199999999999996
