,TMAX,TMIN,WMAX,RTOT
2010-04-10 12:00:00,20.64,10.14,4.1436698710201325,1.8699999999999999
