,TMAX,TMIN,WMAX,RTOT
2010-03-25,15.34,-3.66,10.40048075811883,16.509999999999998
