,TMAX,TMIN,WMAX,RTOT
2010-03-31,14.94,-3.76,10.770329614269007,37.720000000000006
