,TMAX,TMIN,WMAX,RTOT
2010-01-09,-7.36,-16.86,8.300602387778854,2.6199999999999997
