,TMAX,TMIN,WMAX,RTOT
2010-12-12,0.14,-14.16,6.788225099390856,4.939999999999999
