,TMAX,TMIN,WMAX,RTOT
2010-08-20,36.64,11.04,4.32781700167648,8.940000000000001
