,TMAX,TMIN,WMAX,RTOT
2010-11-30,18.24,-4.56,9.330058949438637,32.660000000000004
