,TMAX,TMIN,WMAX,RTOT
2010-10-29,23.14,4.04,8.705170877128145,18.070000000000004
