,TMAX,TMIN,WMAX,RTOT
2010-04-05 12:00:00,22.54,16.74,9.484724561103501,0.7000000000000001
