,TMAX,TMIN,WMAX,RTOT
2010-04-12,22.64,3.24,10.20441081101697,50.87000000000001
