,TMAX,TMIN,WMAX,RTOT
2010-01-11 12:00:00,-3.86,-7.96,6.161168720299745,0.19000000000000003
