,TMAX,TMIN,WMAX,RTOT
2010-11-11,16.24,-4.06,7.11125867902441,0.6600000000000001
