,TMAX,TMIN,WMAX,RTOT
2010-01-28,7.84,-3.16,10.104454463255301,19.099999999999994
