,TMAX,TMIN,WMAX,RTOT
2010-10-22 12:00:00,20.64,11.84,7.206247289678589,0.29000000000000004
