,TMAX,TMIN,WMAX,RTOT
2010-11-24 12:00:00,9.24,-4.86,6.952697318307479,27.270000000000003
