,TMAX,TMIN,WMAX,RTOT
2010-10-17,28.44,5.84,5.7870545184921145,0.06999999999999999
