,TMAX,TMIN,WMAX,RTOT
2010-01-17,1.94,-15.26,7.424957912338629,4.2299999999999995
