,TMAX,TMIN,WMAX,RTOT
2010-05-21 12:00:00,25.34,15.34,3.54400902933387,0.16999999999999998
