,TMAX,TMIN,WMAX,RTOT
2010-03-23,15.64,-0.56,10.67754653466797,14.179999999999998
