,TMAX,TMIN,WMAX,RTOT
2010-12-07,8.84,-4.86,9.66074531286277,67.21999999999998
