,TMAX,TMIN,WMAX,RTOT
2010-02-24,0.24,-11.16,7.516648189186454,3.6700000000000004
