,TMAX,TMIN,WMAX,RTOT
2010-08-06,36.64,16.14,4.346262762420146,5.109999999999999
