,TMAX,TMIN,WMAX,RTOT
2010-08-09,34.54,16.34,5.261178575186363,1.6300000000000001
