,TMAX,TMIN,WMAX,RTOT
2010-08-03 12:00:00,35.14,22.84,3.7121422386541174,4.970000000000001
