,TMAX,TMIN,WMAX,RTOT
2010-04-27,20.54,4.74,9.462557793746889,58.129999999999995
