,TMAX,TMIN,WMAX,RTOT
2010-01-22,4.74,-3.16,8.702298546935745,6.759999999999999
