,TMAX,TMIN,WMAX,RTOT
2010-03-01 12:00:00,1.24,-2.66,6.400781202322104,0.6300000000000001
