,TMAX,TMIN,WMAX,RTOT
2010-06-29,33.24,17.34,7.294518489934753,11.139999999999999
