,TMAX,TMIN,WMAX,RTOT
2010-12-24,-0.16,-17.46,7.984985911070852,13.279999999999996
