,TMAX,TMIN,WMAX,RTOT
2010-09-10,31.54,8.94,6.389053137985314,69.47000000000003
