,TMAX,TMIN,WMAX,RTOT
2010-04-03,19.24,-2.26,8.967719888578143,14.219999999999999
