,TMAX,TMIN,WMAX,RTOT
2010-01-11,-7.06,-19.36,9.381364506296512,6.419999999999999
