,TMAX,TMIN,WMAX,RTOT
2010-10-02,26.44,6.54,7.1112586790244094,3.9899999999999998
