,TMAX,TMIN,WMAX,RTOT
2010-12-05 12:00:00,-6.46,-9.96,6.576473218982953,0.5900000000000001
