,TMAX,TMIN,WMAX,RTOT
2010-05-22,22.14,10.44,6.1400325732035,76.44999999999999
