,TMAX,TMIN,WMAX,RTOT
2010-06-14,29.84,13.34,7.234638899074369,136.24999999999997
