,TMAX,TMIN,WMAX,RTOT
2010-07-10,29.54,13.34,4.976946855251721,93.86000000000003
