,TMAX,TMIN,WMAX,RTOT
2010-03-13,13.44,-2.86,8.381527307120106,14.829999999999998
