,TMAX,TMIN,WMAX,RTOT
2010-02-08 12:00:00,-3.46,-5.96,10.682696288858914,8.649999999999999
