,TMAX,TMIN,WMAX,RTOT
2010-09-19,27.34,7.74,5.239274758971894,2.5200000000000005
