,TMAX,TMIN,WMAX,RTOT
2010-03-24 12:00:00,9.94,-1.56,9.52732911156112,31.429999999999996
