,TMAX,TMIN,WMAX,RTOT
2010-12-01,8.34,-4.66,7.694153624668537,17.480000000000004
