,TMAX,TMIN,WMAX,RTOT
2010-03-12 12:00:00,10.24,4.54,6.603786792439623,2.7600000000000002
