,TMAX,TMIN,WMAX,RTOT
2010-07-11,31.24,16.14,5.186520991955977,38.35999999999999
