,TMAX,TMIN,WMAX,RTOT
2010-03-15,11.24,-0.06,8.500588214941365,36.569999999999986
