,TMAX,TMIN,WMAX,RTOT
2010-01-24 12:00:00,-0.06,-4.46,9.865596788841513,3.0399999999999996
