,TMAX,TMIN,WMAX,RTOT
2010-02-07,4.64,-9.46,5.420332093147061,4.1999999999999975
