,TMAX,TMIN,WMAX,RTOT
2010-10-26,21.64,3.14,6.511528238439883,15.219999999999999
