,TMAX,TMIN,WMAX,RTOT
2010-02-16,0.14,-19.56,11.280514172678478,13.579999999999997
