,TMAX,TMIN,WMAX,RTOT
2010-06-23,33.14,15.94,4.964876634922564,16.220000000000002
