,TMAX,TMIN,WMAX,RTOT
2010-08-29 12:00:00,31.24,19.04,5.508175741568165,0.12000000000000001
