,TMAX,TMIN,WMAX,RTOT
2010-09-04,33.54,13.14,5.721887800367987,21.560000000000002
