,TMAX,TMIN,WMAX,RTOT
2010-02-16 12:00:00,-2.46,-5.66,5.374011537017761,0.9100000000000001
