,TMAX,TMIN,WMAX,RTOT
2010-11-08,13.04,-4.06,6.860029154456998,0.6500000000000001
