,TMAX,TMIN,WMAX,RTOT
2010-05-12 12:00:00,25.04,15.24,6.847627326307997,14.239999999999998
