,TMAX,TMIN,WMAX,RTOT
2010-06-22,32.34,15.54,6.168468205316454,59.30999999999999
