,TMAX,TMIN,WMAX,RTOT
2010-04-26 12:00:00,12.94,2.74,5.597320787662611,0.22000000000000003
