,TMAX,TMIN,WMAX,RTOT
2010-02-26 12:00:00,0.24,-5.36,5.813776741499454,0.8100000000000002
