,TMAX,TMIN,WMAX,RTOT
2010-04-14,23.44,2.44,8.905054744357274,9.379999999999997
