,TMAX,TMIN,WMAX,RTOT
2010-10-01,31.64,8.64,7.660939890117922,7.119999999999999
