,TMAX,TMIN,WMAX,RTOT
2010-02-06,3.84,-12.26,5.517245689653488,5.0600000000000005
