,TMAX,TMIN,WMAX,RTOT
2010-07-27,32.64,17.44,6.389053137985315,51.74999999999999
