,TMAX,TMIN,WMAX,RTOT
2010-02-28,1.74,-11.56,8.778382538941898,27.260000000000012
