,TMAX,TMIN,WMAX,RTOT
2010-09-23,30.94,8.84,6.726812023536855,36.21000000000001
