,TMAX,TMIN,WMAX,RTOT
2010-01-21 12:00:00,2.64,0.64,5.830951894845301,0.6000000000000001
