,TMAX,TMIN,WMAX,RTOT
2010-12-23 12:00:00,-1.56,-3.56,2.6419689627245813,6.869999999999999
