,TMAX,TMIN,WMAX,RTOT
2010-02-17 12:00:00,0.84,-6.16,4.846648326421054,0.24000000000000002
