,TMAX,TMIN,WMAX,RTOT
2010-03-02 12:00:00,2.34,-3.46,5.141984052872976,0.15000000000000002
