,TMAX,TMIN,WMAX,RTOT
2010-08-22,33.54,15.44,4.716990566028302,34.989999999999995
