,TMAX,TMIN,WMAX,RTOT
2010-11-04,18.24,-0.76,8.819297024139736,0.060000000000000005
