,TMAX,TMIN,WMAX,RTOT
2010-06-17 12:00:00,31.74,19.74,5.142956348249516,1.8299999999999998
