,TMAX,TMIN,WMAX,RTOT
2010-02-09 12:00:00,-4.26,-7.86,10.818964830333815,0.9800000000000001
