,TMAX,TMIN,WMAX,RTOT
2010-12-30,-0.36,-12.36,7.420242583635659,12.189999999999998
