,TMAX,TMIN,WMAX,RTOT
2010-02-27,2.44,-8.76,8.32165848854662,25.940000000000012
