,TMAX,TMIN,WMAX,RTOT
2010-06-03,30.54,11.84,5.470831746635972,31.130000000000003
