,TMAX,TMIN,WMAX,RTOT
2010-11-02,23.74,-0.86,12.030793822520605,4.3100000000000005
