,TMAX,TMIN,WMAX,RTOT
2010-03-06,3.94,-8.16,7.262231062146123,5.209999999999999
