,TMAX,TMIN,WMAX,RTOT
2010-06-21,32.74,14.84,5.546169849544818,36.900000000000006
