,TMAX,TMIN,WMAX,RTOT
2010-09-27,31.44,13.04,6.797793759742936,13.389999999999995
