,TMAX,TMIN,WMAX,RTOT
2010-07-27 12:00:00,31.14,21.84,3.5805027579936315,3.9099999999999997
