,TMAX,TMIN,WMAX,RTOT
2010-11-21,13.64,-2.16,7.5960516059331775,3.5900000000000003
