,TMAX,TMIN,WMAX,RTOT
2010-10-13,26.54,2.74,4.701063709417263,1.9000000000000001
