,TMAX,TMIN,WMAX,RTOT
2010-01-26 12:00:00,-0.66,-8.06,6.96419413859206,0.15000000000000002
