,TMAX,TMIN,WMAX,RTOT
2010-12-20,-2.26,-14.56,12.815615474880635,6.329999999999998
