,TMAX,TMIN,WMAX,RTOT
2010-08-27,34.94,10.74,4.850773134253961,1.8800000000000001
