,TMAX,TMIN,WMAX,RTOT
2010-06-21 12:00:00,33.24,22.04,4.8373546489791295,2.3200000000000003
