,TMAX,TMIN,WMAX,RTOT
2010-10-14,26.74,7.14,5.852349955359812,3.6099999999999994
