,TMAX,TMIN,WMAX,RTOT
2010-04-26,20.34,3.94,8.500588214941365,61.129999999999995
