,TMAX,TMIN,WMAX,RTOT
2010-05-30,30.34,15.64,4.72652091923859,7.109999999999999
