,TMAX,TMIN,WMAX,RTOT
2010-02-28 12:00:00,1.94,-1.76,5.10098029794274,0.5800000000000001
