,TMAX,TMIN,WMAX,RTOT
2010-08-11,38.94,15.64,5.215361924162119,10.569999999999999
