,TMAX,TMIN,WMAX,RTOT
2010-09-20,28.04,8.34,6.126989472816156,6.759999999999999
