,TMAX,TMIN,WMAX,RTOT
2010-01-27,9.74,-4.86,13.259336333316234,25.019999999999996
