,TMAX,TMIN,WMAX,RTOT
2010-09-12,30.84,8.24,7.218032973047435,8.270000000000001
