,TMAX,TMIN,WMAX,RTOT
2010-03-13 12:00:00,6.24,4.14,7.3006848993775915,1.3300000000000003
