,TMAX,TMIN,WMAX,RTOT
2010-02-07 12:00:00,-2.96,-10.76,5.008991914547277,2.2600000000000002
