,TMAX,TMIN,WMAX,RTOT
2010-06-24,32.64,14.04,5.281098370604358,18.770000000000003
