,TMAX,TMIN,WMAX,RTOT
2010-03-03,2.34,-8.76,8.472307831990053,3.7199999999999993
