,TMAX,TMIN,WMAX,RTOT
2010-07-28,32.64,16.74,6.2289646009589745,28.219999999999995
