,TMAX,TMIN,WMAX,RTOT
2010-02-14,-0.56,-15.56,12.101652779682617,14.399999999999997
