,TMAX,TMIN,WMAX,RTOT
2010-08-23,36.14,13.14,5.0990195135927845,6.249999999999999
