,TMAX,TMIN,WMAX,RTOT
2010-09-27 12:00:00,17.44,7.64,3.2802438933713454,0.4600000000000001
