,TMAX,TMIN,WMAX,RTOT
2010-01-29,7.24,-7.26,8.780091115700339,27.470000000000002
