,TMAX,TMIN,WMAX,RTOT
2010-02-11,-0.06,-14.16,7.539230729988305,17.849999999999998
