,TMAX,TMIN,WMAX,RTOT
2010-07-26,32.34,17.04,6.04400529450463,42.199999999999996
