,TMAX,TMIN,WMAX,RTOT
2010-04-10,21.84,3.34,11.69144986731757,20.169999999999998
