,TMAX,TMIN,WMAX,RTOT
2010-03-28,14.84,-0.16,8.198780397107853,5.659999999999998
