,TMAX,TMIN,WMAX,RTOT
2010-07-15,32.04,14.04,5.2345009313209605,49.39999999999999
