,TMAX,TMIN,WMAX,RTOT
2010-09-24,32.54,9.14,7.083078426785912,6.450000000000001
