,TMAX,TMIN,WMAX,RTOT
2010-05-09 12:00:00,14.54,6.54,7.998124780221924,7.369999999999999
