,TMAX,TMIN,WMAX,RTOT
2010-03-19,13.14,1.54,12.662148316932637,21.400000000000002
