,TMAX,TMIN,WMAX,RTOT
2010-08-03,32.44,16.84,3.753664875824692,14.579999999999998
