,TMAX,TMIN,WMAX,RTOT
2010-06-08,30.94,9.74,6.212889826803627,72.68999999999998
