,TMAX,TMIN,WMAX,RTOT
2010-04-30 12:00:00,24.34,13.04,9.192388155425117,40.559999999999995
