,TMAX,TMIN,WMAX,RTOT
2010-02-02 12:00:00,0.54,-3.86,4.99799959983992,0.12000000000000001
