,TMAX,TMIN,WMAX,RTOT
2010-05-07,23.14,8.44,10.647065323364933,55.050000000000004
