,TMAX,TMIN,WMAX,RTOT
2010-05-07 12:00:00,8.94,3.64,7.907591289387685,0.09999999999999999
