,TMAX,TMIN,WMAX,RTOT
2010-04-02 12:00:00,14.74,7.64,7.343704787094863,12.129999999999999
