,TMAX,TMIN,WMAX,RTOT
2010-12-29,1.34,-14.26,6.7801179930735715,11.769999999999998
