,TMAX,TMIN,WMAX,RTOT
2010-05-24 12:00:00,28.14,18.94,2.817800560721074,4.840000000000001
