,TMAX,TMIN,WMAX,RTOT
2010-01-15,0.44,-18.26,8.645229898620395,7.809999999999998
