,TMAX,TMIN,WMAX,RTOT
2010-07-25,32.74,16.64,6.505382386916237,21.970000000000002
