,TMAX,TMIN,WMAX,RTOT
2010-12-10,2.14,-13.46,7.780102827083971,5.529999999999997
