,TMAX,TMIN,WMAX,RTOT
2010-10-25,21.44,3.34,5.8898217290508885,4.720000000000001
