,TMAX,TMIN,WMAX,RTOT
2010-11-26,16.84,-6.36,9.58018788959799,11.929999999999996
