,TMAX,TMIN,WMAX,RTOT
2010-09-06,34.14,8.84,6.081118318204308,3.3499999999999996
