,TMAX,TMIN,WMAX,RTOT
2010-12-13,1.24,-12.16,9.241753080449618,7.3500000000000005
