,TMAX,TMIN,WMAX,RTOT
2010-07-16,30.04,16.34,5.316013544000805,55.56999999999999
