,TMAX,TMIN,WMAX,RTOT
2010-04-29,20.64,5.44,5.943904440685432,49.77000000000001
