,TMAX,TMIN,WMAX,RTOT
2010-12-18,2.74,-16.06,14.19929575718458,21.060000000000006
