,TMAX,TMIN,WMAX,RTOT
2010-12-17,3.54,-14.56,12.08014900570353,4.8599999999999985
