,TMAX,TMIN,WMAX,RTOT
2010-12-28,1.44,-15.66,6.685057965343307,19.550000000000008
