,TMAX,TMIN,WMAX,RTOT
2010-11-12 12:00:00,12.24,3.04,6.560487786742691,3.8000000000000003
