,TMAX,TMIN,WMAX,RTOT
2010-05-10,24.94,4.14,7.666159403508383,12.729999999999999
