,TMAX,TMIN,WMAX,RTOT
2010-10-05,21.54,2.74,5.6859475903318,0.4900000000000001
