,TMAX,TMIN,WMAX,RTOT
2010-06-08 12:00:00,26.04,16.94,5.366563145999495,0.41000000000000003
