,TMAX,TMIN,WMAX,RTOT
2010-03-09,11.44,-3.46,7.023531875061151,7.8100000000000005
