,TMAX,TMIN,WMAX,RTOT
2010-01-10,-7.06,-16.66,9.30859817588019,4.119999999999999
