,TMAX,TMIN,WMAX,RTOT
2010-08-18,37.54,14.54,5.235456045083369,17.209999999999997
