,TMAX,TMIN,WMAX,RTOT
2010-03-27,16.04,-1.86,8.440379138403676,24.219999999999995
