,TMAX,TMIN,WMAX,RTOT
2010-04-15,22.44,2.84,8.575546629807338,4.609999999999999
