,TMAX,TMIN,WMAX,RTOT
2010-11-29,17.14,-6.06,9.396275858019495,42.72000000000002
