,TMAX,TMIN,WMAX,RTOT
2010-07-06,29.64,10.94,5.015974481593781,2.3200000000000003
