,TMAX,TMIN,WMAX,RTOT
2010-08-15,36.04,18.54,4.41021541423999,22.650000000000002
