,TMAX,TMIN,WMAX,RTOT
2010-06-19,31.34,16.64,6.603029607687671,53.199999999999996
