,TMAX,TMIN,WMAX,RTOT
2010-02-21,-0.26,-13.76,6.449806198638839,1.9500000000000008
