,TMAX,TMIN,WMAX,RTOT
2010-05-01,20.04,3.74,11.543396380615196,40.81000000000001
