,TMAX,TMIN,WMAX,RTOT
2010-09-30,31.04,7.84,7.494664769020694,8.959999999999997
