,TMAX,TMIN,WMAX,RTOT
2010-12-09 12:00:00,1.84,-3.06,5.758472019555188,0.31999999999999995
