,TMAX,TMIN,WMAX,RTOT
2010-11-16,19.84,1.64,6.107372593840988,25.769999999999996
