,TMAX,TMIN,WMAX,RTOT
2010-12-09,1.54,-11.56,7.211102550927978,2.2399999999999998
