,TMAX,TMIN,WMAX,RTOT
2010-07-23,32.94,15.64,5.4644304369257,74.53999999999999
