,TMAX,TMIN,WMAX,RTOT
2010-11-28,16.34,-7.86,9.774456506629921,33.559999999999995
