,TMAX,TMIN,WMAX,RTOT
2010-08-24,33.64,13.04,4.177319714841085,2.7100000000000004
