,TMAX,TMIN,WMAX,RTOT
2010-03-16,14.84,1.84,7.3006848993775915,37.75999999999998
