,TMAX,TMIN,WMAX,RTOT
2010-04-30,23.04,6.14,8.158431221748456,108.26000000000003
