,TMAX,TMIN,WMAX,RTOT
2010-02-13,0.24,-15.06,10.33247308247159,24.139999999999997
