,TMAX,TMIN,WMAX,RTOT
2010-01-18,1.94,-16.06,7.3824115301167,3.0200000000000005
