,TMAX,TMIN,WMAX,RTOT
2010-01-04 12:00:00,-8.46,-12.86,5.685068161420759,0.16999999999999998
