,TMAX,TMIN,WMAX,RTOT
2010-05-21,26.64,8.84,9.027181176868005,32.530000000000015
