,TMAX,TMIN,WMAX,RTOT
2010-04-24 12:00:00,13.24,7.84,8.570880934886448,9.950000000000001
