,TMAX,TMIN,WMAX,RTOT
2010-09-08,33.84,9.24,7.467261881037787,33.21000000000001
