,TMAX,TMIN,WMAX,RTOT
2010-03-08 12:00:00,8.74,3.44,6.276941930590087,3.6100000000000003
