,TMAX,TMIN,WMAX,RTOT
2010-12-26,0.74,-11.26,7.871467461661771,28.749999999999996
