,TMAX,TMIN,WMAX,RTOT
2010-07-20 12:00:00,30.04,21.74,3.383784863137726,12.669999999999998
