,TMAX,TMIN,WMAX,RTOT
2010-10-07,23.94,3.04,6.789698078707183,0.33999999999999997
