,TMAX,TMIN,WMAX,RTOT
2010-06-09,30.54,10.64,6.618912297349165,31.29000000000001
