,TMAX,TMIN,WMAX,RTOT
2010-12-21 12:00:00,-0.26,-7.16,6.360031446463138,0.21000000000000002
