,TMAX,TMIN,WMAX,RTOT
2010-08-28,33.94,11.74,5.192301994298868,8.629999999999999
