,TMAX,TMIN,WMAX,RTOT
2010-07-30 12:00:00,29.84,16.84,3.1384709652950433,3.7199999999999998
