,TMAX,TMIN,WMAX,RTOT
2010-04-24,22.44,3.34,6.630987860040161,6.959999999999999
