,TMAX,TMIN,WMAX,RTOT
2010-06-12,29.44,14.34,5.622277118748239,20.079999999999995
