,TMAX,TMIN,WMAX,RTOT
2010-11-20,20.54,-2.56,7.910120100226039,6.699999999999998
