,TMAX,TMIN,WMAX,RTOT
2010-04-22,26.34,2.04,6.594694837519018,10.780000000000001
