,TMAX,TMIN,WMAX,RTOT
2010-01-20,6.54,-7.56,6.673080248281149,1.2500000000000002
