,TMAX,TMIN,WMAX,RTOT
2010-06-11,29.24,13.34,4.810405388322278,30.909999999999997
