,TMAX,TMIN,WMAX,RTOT
2010-05-24,29.24,8.64,6.325345840347388,86.22000000000001
