,TMAX,TMIN,WMAX,RTOT
2010-01-17 12:00:00,2.34,-2.96,3.4525353003264136,0.32000000000000006
