,TMAX,TMIN,WMAX,RTOT
2010-06-09 12:00:00,18.34,15.94,3.3970575502926055,0.43000000000000005
