,TMAX,TMIN,WMAX,RTOT
2010-03-19 12:00:00,7.44,1.64,7.961155694998057,2.7700000000000005
