,TMAX,TMIN,WMAX,RTOT
2010-12-14,2.04,-19.46,12.218837915284743,24.980000000000008
