,TMAX,TMIN,WMAX,RTOT
2010-06-27 12:00:00,27.24,17.34,4.686149805543993,1.6400000000000001
