,TMAX,TMIN,WMAX,RTOT
2010-07-07 12:00:00,26.34,21.34,3.4234485537247377,9.709999999999999
