,TMAX,TMIN,WMAX,RTOT
2010-09-21,30.14,10.64,4.809365862564419,14.969999999999999
