,TMAX,TMIN,WMAX,RTOT
2010-05-19 12:00:00,15.54,12.04,6.260990336999411,13.870000000000001
