,TMAX,TMIN,WMAX,RTOT
2010-09-05,35.44,14.44,6.844705983459042,1.9700000000000002
