,TMAX,TMIN,WMAX,RTOT
2010-05-25,32.34,8.44,6.5620118866091675,28.530000000000005
