,TMAX,TMIN,WMAX,RTOT
2010-08-02,32.14,16.14,5.015974481593781,31.240000000000002
