,TMAX,TMIN,WMAX,RTOT
2010-07-08 12:00:00,26.34,18.54,4.310452412450461,4.880000000000001
