,TMAX,TMIN,WMAX,RTOT
2010-01-19,4.64,-7.96,6.711929677819934,1.7300000000000004
