,TMAX,TMIN,WMAX,RTOT
2010-08-02 12:00:00,37.14,20.04,3.3541019662496847,1.9500000000000002
