,TMAX,TMIN,WMAX,RTOT
2010-04-11,23.04,0.94,10.932977636490437,125.11999999999999
