,TMAX,TMIN,WMAX,RTOT
2010-07-29,32.64,17.84,6.841052550594828,24.910000000000007
