,TMAX,TMIN,WMAX,RTOT
2010-04-09,23.34,3.04,10.316006979447037,14.159999999999998
