,TMAX,TMIN,WMAX,RTOT
2010-04-16,23.54,2.84,7.267048919609665,1.1600000000000001
