,TMAX,TMIN,WMAX,RTOT
2010-05-04,23.54,2.54,8.528774824088158,49.440000000000005
