,TMAX,TMIN,WMAX,RTOT
2010-03-01,1.34,-9.46,7.463243262818115,26.210000000000004
