,TMAX,TMIN,WMAX,RTOT
2010-06-10,29.34,12.54,6.720863039818622,45.550000000000004
