,TMAX,TMIN,WMAX,RTOT
2010-12-11,2.04,-14.26,8.141252974819048,6.6099999999999985
