,TMAX,TMIN,WMAX,RTOT
2010-05-06 12:00:00,21.64,8.14,7.397972695272672,7.8100000000000005
