,TMAX,TMIN,WMAX,RTOT
2010-11-03 12:00:00,7.04,2.24,7.11125867902441,0.6600000000000001
