,TMAX,TMIN,WMAX,RTOT
2010-12-21,-1.36,-14.16,7.710382610480495,14.219999999999999
