,TMAX,TMIN,WMAX,RTOT
2010-10-12 12:00:00,17.24,9.24,5.9169248769948055,1.5099999999999998
