,TMAX,TMIN,WMAX,RTOT
2010-05-23,23.94,8.64,5.727128425310542,5.409999999999997
