,TMAX,TMIN,WMAX,RTOT
2010-06-10 12:00:00,29.74,21.64,6.44980619863884,0.8500000000000001
