,TMAX,TMIN,WMAX,RTOT
2010-02-15 12:00:00,-1.86,-5.76,7.102112361825881,1.6800000000000002
