,TMAX,TMIN,WMAX,RTOT
2010-12-22 12:00:00,-1.66,-6.36,3.157530680769389,0.33999999999999997
