,TMAX,TMIN,WMAX,RTOT
2010-03-09 12:00:00,17.04,8.84,7.653757247260981,3.5799999999999996
