,TMAX,TMIN,WMAX,RTOT
2010-04-07,20.64,2.14,9.929753269845127,25.430000000000003
