,TMAX,TMIN,WMAX,RTOT
2010-11-13,18.94,-2.66,10.917875251164945,17.770000000000003
