,TMAX,TMIN,WMAX,RTOT
2010-11-29 12:00:00,8.84,-1.96,9.118113840043893,5.449999999999998
