,TMAX,TMIN,WMAX,RTOT
2010-06-01,29.94,10.94,5.491812087098393,21.659999999999997
