,TMAX,TMIN,WMAX,RTOT
2010-11-14,19.14,-3.36,6.203224967708329,28.060000000000002
