,TMAX,TMIN,WMAX,RTOT
2010-02-04,0.74,-11.46,6.931089380465383,2.4099999999999997
