,TMAX,TMIN,WMAX,RTOT
2010-02-10,2.44,-13.36,9.841239759298622,24.440000000000012
