,TMAX,TMIN,WMAX,RTOT
2010-12-10 12:00:00,2.34,-4.76,8.464632301523793,13.389999999999999
