,TMAX,TMIN,WMAX,RTOT
2010-02-03,2.44,-10.46,8.34865258589672,2.1199999999999997
