,TMAX,TMIN,WMAX,RTOT
2010-02-27 12:00:00,1.94,-1.16,5.185556864985669,0.5800000000000001
