,TMAX,TMIN,WMAX,RTOT
2010-11-23,15.64,-0.26,7.000714249274855,7.470000000000001
