,TMAX,TMIN,WMAX,RTOT
2010-04-20,24.34,1.74,6.93541635375988,4.4799999999999995
