,TMAX,TMIN,WMAX,RTOT
2010-12-31,0.54,-12.66,6.670832032063167,11.819999999999999
