,TMAX,TMIN,WMAX,RTOT
2010-11-27,16.24,-7.76,9.047651629014018,7.769999999999999
