,TMAX,TMIN,WMAX,RTOT
2010-07-30,34.54,18.24,6.095900261651268,21.610000000000003
