,TMAX,TMIN,WMAX,RTOT
2010-07-17,32.84,16.74,4.6141087980237305,19.409999999999997
