,TMAX,TMIN,WMAX,RTOT
2010-05-18,24.44,6.34,9.047651629014018,60.32999999999999
