,TMAX,TMIN,WMAX,RTOT
2010-12-16,3.14,-13.46,10.796758772891057,9.919999999999998
