,TMAX,TMIN,WMAX,RTOT
2010-05-20,25.04,8.94,7.07248188403477,47.52999999999999
