,TMAX,TMIN,WMAX,RTOT
2010-10-10,27.24,2.64,6.702984409947557,4.390000000000001
