,TMAX,TMIN,WMAX,RTOT
2010-06-07,30.24,11.84,7.0802542327235685,33.86000000000001
