,TMAX,TMIN,WMAX,RTOT
2010-06-13 12:00:00,29.54,22.74,3.1240998703626617,15.690000000000001
