,TMAX,TMIN,WMAX,RTOT
2010-01-25,8.34,-4.26,10.317460927960909,17.080000000000002
