,TMAX,TMIN,WMAX,RTOT
2010-06-22 12:00:00,32.54,22.74,6.860029154456998,9.129999999999999
