,TMAX,TMIN,WMAX,RTOT
2010-03-12,8.94,-2.96,5.60357029044876,3.6699999999999995
