,TMAX,TMIN,WMAX,RTOT
2010-08-10,39.24,16.54,5.096076922496364,7.119999999999998
