,TMAX,TMIN,WMAX,RTOT
2010-05-16,24.54,2.94,7.752418977325722,49.85999999999999
