,TMAX,TMIN,WMAX,RTOT
2011-03-02,9.14,-2.76,10.020977996183806,13.440000000000001
