,TMAX,TMIN,WMAX,RTOT
2011-01-18 12:00:00,-2.76,-6.56,4.304648650006177,0.9500000000000001
