,TMAX,TMIN,WMAX,RTOT
2011-04-16,25.24,4.54,10.890362712049585,45.510000000000005
