,TMAX,TMIN,WMAX,RTOT
2011-05-27 12:00:00,22.74,13.14,4.401136216933078,3.7199999999999993
