,TMAX,TMIN,WMAX,RTOT
2011-05-19,29.44,2.24,6.777905281132217,46.59999999999999
