,TMAX,TMIN,WMAX,RTOT
2011-07-18,32.44,15.64,4.825971404805461,27.619999999999994
