,TMAX,TMIN,WMAX,RTOT
2011-06-23 12:00:00,19.04,11.94,4.237924020083418,0.6399999999999999
