,TMAX,TMIN,WMAX,RTOT
2011-07-05 12:00:00,28.24,14.74,2.8600699292150185,0.19999999999999998
