,TMAX,TMIN,WMAX,RTOT
2011-06-02,29.34,5.74,8.523496934944014,52.09999999999999
