,TMAX,TMIN,WMAX,RTOT
2011-01-19,-0.26,-13.26,8.845903006477068,12.809999999999995
