,TMAX,TMIN,WMAX,RTOT
2011-12-04,15.34,-3.56,12.007081243999309,43.870000000000005
