,TMAX,TMIN,WMAX,RTOT
2011-08-20,28.24,14.34,4.753945729601885,39.730000000000004
