,TMAX,TMIN,WMAX,RTOT
2011-02-13,0.24,-16.56,8.200609733428363,6.619999999999998
