,TMAX,TMIN,WMAX,RTOT
2011-03-26,19.24,-1.96,7.4404300950953095,14.189999999999996
