,TMAX,TMIN,WMAX,RTOT
2011-08-05 12:00:00,28.34,21.54,4.43846820423443,7.7700000000000005
