,TMAX,TMIN,WMAX,RTOT
2011-05-20,28.54,2.14,7.03420215802759,30.789999999999996
