,TMAX,TMIN,WMAX,RTOT
2011-04-23 12:00:00,13.94,9.44,4.5694638635183455,15.379999999999999
