,TMAX,TMIN,WMAX,RTOT
2011-07-27,32.54,14.04,4.3737855457258075,24.820000000000007
