,TMAX,TMIN,WMAX,RTOT
2011-01-20,3.04,-10.56,7.7414468931847615,9.360000000000001
