,TMAX,TMIN,WMAX,RTOT
2011-02-24,14.44,-2.76,9.037698822156003,12.379999999999999
