,TMAX,TMIN,WMAX,RTOT
2011-05-15,28.94,9.14,6.726812023536855,34.68000000000001
