,TMAX,TMIN,WMAX,RTOT
2011-09-08 12:00:00,19.94,12.54,2.9427877939124323,8.909999999999998
