,TMAX,TMIN,WMAX,RTOT
2011-11-20 12:00:00,11.24,4.64,3.712142238654117,0.18000000000000002
