,TMAX,TMIN,WMAX,RTOT
2011-04-20,20.24,0.84,9.49210198006743,60.989999999999995
