,TMAX,TMIN,WMAX,RTOT
2011-08-30,31.24,11.54,5.672741841473134,13.879999999999999
