,TMAX,TMIN,WMAX,RTOT
2011-06-20 12:00:00,26.04,21.34,5.630275304103699,4.829999999999999
