,TMAX,TMIN,WMAX,RTOT
2011-08-04 12:00:00,25.94,18.74,2.23606797749979,41.199999999999996
