,TMAX,TMIN,WMAX,RTOT
2011-09-29,24.64,5.24,4.404543109109048,0.32000000000000006
