,TMAX,TMIN,WMAX,RTOT
2011-12-18,13.74,-7.16,10.16070863670443,53.980000000000004
