,TMAX,TMIN,WMAX,RTOT
2011-08-10,30.64,15.14,5.080354318352215,50.440000000000005
