,TMAX,TMIN,WMAX,RTOT
2011-04-01,10.24,-4.86,8.315046602394963,19.739999999999995
