,TMAX,TMIN,WMAX,RTOT
2011-06-20,26.84,8.94,5.385164807134504,38.82999999999999
