,TMAX,TMIN,WMAX,RTOT
2011-08-17 12:00:00,27.64,18.14,1.9924858845171274,0.9299999999999999
