,TMAX,TMIN,WMAX,RTOT
2011-08-29 12:00:00,24.04,12.34,3.2572994949804666,0.41000000000000003
