,TMAX,TMIN,WMAX,RTOT
2011-01-09,1.84,-13.16,12.952991932368366,1.9700000000000002
