,TMAX,TMIN,WMAX,RTOT
2011-02-11,0.94,-19.26,10.076705810928491,9.629999999999995
