,TMAX,TMIN,WMAX,RTOT
2011-11-11,15.34,-0.96,9.019977827023745,45.690000000000005
