,TMAX,TMIN,WMAX,RTOT
2011-03-12,17.64,-2.76,8.697700845625814,77.86000000000001
