,TMAX,TMIN,WMAX,RTOT
2011-04-10 12:00:00,19.14,6.94,7.234638899074369,0.6000000000000001
