,TMAX,TMIN,WMAX,RTOT
2011-01-07 12:00:00,-5.66,-11.06,9.334880824091972,0.06999999999999999
