,TMAX,TMIN,WMAX,RTOT
2011-08-07,30.54,15.64,4.161730409336962,2.3200000000000003
