,TMAX,TMIN,WMAX,RTOT
2011-10-18,24.64,6.14,9.774456506629921,27.009999999999998
