,TMAX,TMIN,WMAX,RTOT
2011-09-30 12:00:00,12.94,3.34,4.901020301937139,0.060000000000000005
