,TMAX,TMIN,WMAX,RTOT
2011-01-28,0.04,-19.46,7.82368199762746,7.369999999999998
