,TMAX,TMIN,WMAX,RTOT
2011-09-23,26.84,4.34,5.280151512977634,26.460000000000004
