,TMAX,TMIN,WMAX,RTOT
2011-12-04 12:00:00,4.24,-0.56,5.990826320300064,1.1400000000000001
