,TMAX,TMIN,WMAX,RTOT
2011-03-21,20.54,-1.96,8.492938243034622,6.309999999999999
