,TMAX,TMIN,WMAX,RTOT
2011-10-26,18.74,2.94,10.56882207249228,51.440000000000005
