,TMAX,TMIN,WMAX,RTOT
2011-06-19,26.94,12.34,5.323532661682466,66.42999999999999
