,TMAX,TMIN,WMAX,RTOT
2011-07-07,31.84,15.64,5.240229002629561,15.469999999999999
