,TMAX,TMIN,WMAX,RTOT
2011-06-23,31.24,15.24,6.700746227100382,32.31999999999999
