,TMAX,TMIN,WMAX,RTOT
2011-01-06 12:00:00,-3.46,-7.56,6.220128616033595,0.9199999999999999
