,TMAX,TMIN,WMAX,RTOT
2011-01-31,0.44,-13.16,8.902246907382429,4.799999999999998
