,TMAX,TMIN,WMAX,RTOT
2011-01-27,-0.36,-18.46,6.58027355054484,8.840000000000002
