,TMAX,TMIN,WMAX,RTOT
2011-05-24,29.14,2.84,6.013318551349163,25.439999999999998
