,TMAX,TMIN,WMAX,RTOT
2011-02-05 12:00:00,0.14,-3.26,3.83275357934736,1.5799999999999998
