,TMAX,TMIN,WMAX,RTOT
2011-12-07,5.44,-6.66,9.411163583744573,21.019999999999996
