,TMAX,TMIN,WMAX,RTOT
2011-08-05,31.64,19.24,5.189412298131649,30.860000000000003
