,TMAX,TMIN,WMAX,RTOT
2011-03-20,17.54,-1.66,8.860022573334675,4.699999999999999
