,TMAX,TMIN,WMAX,RTOT
2011-02-08,0.34,-20.96,14.583552379307312,56.06000000000001
