,TMAX,TMIN,WMAX,RTOT
2011-12-25,7.84,-2.56,7.523961722390672,18.930000000000003
