,TMAX,TMIN,WMAX,RTOT
2011-05-22 12:00:00,27.44,18.84,8.570297544426332,4.789999999999999
