,TMAX,TMIN,WMAX,RTOT
2011-02-03,0.24,-14.36,6.767569726275453,4.529999999999998
