,TMAX,TMIN,WMAX,RTOT
2012-01-05,9.04,-8.16,11.871394189394943,1.3800000000000001
