,TMAX,TMIN,WMAX,RTOT
2011-05-06,21.24,3.34,10.02845950283492,4.829999999999999
