,TMAX,TMIN,WMAX,RTOT
2011-08-21,27.04,10.34,5.215361924162119,15.719999999999999
