,TMAX,TMIN,WMAX,RTOT
2011-11-02,20.24,2.34,8.709190547921201,7.960000000000001
