,TMAX,TMIN,WMAX,RTOT
2011-02-26,12.04,-5.66,8.595929269136642,40.449999999999996
