,TMAX,TMIN,WMAX,RTOT
2011-08-11,29.74,15.64,4.854894437575342,12.419999999999998
