,TMAX,TMIN,WMAX,RTOT
2011-04-04,17.74,-4.06,7.746612162745725,18.380000000000003
