,TMAX,TMIN,WMAX,RTOT
2011-05-08,20.14,3.24,9.32148056909416,33.74999999999999
