,TMAX,TMIN,WMAX,RTOT
2011-03-17 12:00:00,14.34,7.64,4.830113870293329,1.3499999999999999
