,TMAX,TMIN,WMAX,RTOT
2011-12-20,12.64,-2.46,9.17605579756357,29.410000000000004
