,TMAX,TMIN,WMAX,RTOT
2011-03-29,21.34,-5.16,9.88382517044894,25.450000000000003
