,TMAX,TMIN,WMAX,RTOT
2011-09-21,26.64,4.04,5.166236541235796,20.660000000000004
