,TMAX,TMIN,WMAX,RTOT
2011-03-17,13.54,-2.76,10.40480658157565,4.009999999999999
