,TMAX,TMIN,WMAX,RTOT
2011-04-25 12:00:00,20.54,12.14,9.730878685915265,3.1100000000000003
