,TMAX,TMIN,WMAX,RTOT
2011-11-24,12.14,-0.66,10.159724405711012,3.9200000000000004
