,TMAX,TMIN,WMAX,RTOT
2011-12-19,12.74,-3.46,10.34456378974,35.01999999999999
