,TMAX,TMIN,WMAX,RTOT
2011-04-13,24.44,1.64,11.480853626799707,36.910000000000004
