,TMAX,TMIN,WMAX,RTOT
2011-04-26,20.34,2.64,8.34326075344646,80.66999999999997
