,TMAX,TMIN,WMAX,RTOT
2011-12-02,12.54,-2.26,8.603487664894976,12.949999999999998
