,TMAX,TMIN,WMAX,RTOT
2011-01-11,2.24,-11.36,8.54751425854324,1.2800000000000002
