,TMAX,TMIN,WMAX,RTOT
2011-11-09,16.64,3.54,8.981091247727083,23.810000000000002
