,TMAX,TMIN,WMAX,RTOT
2011-10-27,19.34,1.74,9.924716620639604,42.370000000000005
