,TMAX,TMIN,WMAX,RTOT
2011-07-16,32.04,15.04,4.104875150354758,14.389999999999999
