,TMAX,TMIN,WMAX,RTOT
2011-07-06,31.64,11.64,4.328972164382672,21.620000000000005
