,TMAX,TMIN,WMAX,RTOT
2011-06-30,30.24,11.44,7.5432088662584444,27.629999999999995
