,TMAX,TMIN,WMAX,RTOT
2011-05-23,28.14,2.24,6.791170738539858,11.889999999999997
