,TMAX,TMIN,WMAX,RTOT
2011-08-22,28.24,11.24,5.675385449465085,7.0200000000000005
