,TMAX,TMIN,WMAX,RTOT
2011-05-09 12:00:00,28.04,19.84,6.268173577685928,13.850000000000001
