,TMAX,TMIN,WMAX,RTOT
2011-01-24 12:00:00,-1.36,-5.66,2.82842712474619,0.31000000000000005
