,TMAX,TMIN,WMAX,RTOT
2011-08-19,27.94,12.24,5.89406481131655,14.669999999999998
