,TMAX,TMIN,WMAX,RTOT
2011-11-05,14.84,-1.16,8.645229898620395,22.639999999999997
