,TMAX,TMIN,WMAX,RTOT
2011-09-27 12:00:00,18.74,9.34,4.161730409336962,0.6699999999999999
