,TMAX,TMIN,WMAX,RTOT
2011-05-14,28.24,7.44,8.405950273467004,21.449999999999996
