,TMAX,TMIN,WMAX,RTOT
2011-01-23,0.64,-19.36,8.10246875958186,6.859999999999998
