,TMAX,TMIN,WMAX,RTOT
2011-04-26 12:00:00,15.84,5.74,8.34865258589672,42.120000000000005
