,TMAX,TMIN,WMAX,RTOT
2011-08-11 12:00:00,24.24,12.94,3.312099032335839,2.5700000000000003
