,TMAX,TMIN,WMAX,RTOT
2011-07-28,32.04,21.34,3.9824615503479754,21.049999999999997
