,TMAX,TMIN,WMAX,RTOT
2011-01-17,-1.76,-18.06,6.774215821775979,14.179999999999998
