,TMAX,TMIN,WMAX,RTOT
2011-08-18,27.24,9.34,4.964876634922564,20.149999999999995
