,TMAX,TMIN,WMAX,RTOT
2011-11-16,18.84,-0.76,10.042410069301095,37.940000000000005
