,TMAX,TMIN,WMAX,RTOT
2011-10-24,19.94,2.14,7.502666192761077,13.660000000000002
