,TMAX,TMIN,WMAX,RTOT
2011-04-22,18.34,1.34,9.885848471426215,118.59000000000002
