,TMAX,TMIN,WMAX,RTOT
2011-05-29,27.54,10.64,7.375635565834309,58.249999999999986
