,TMAX,TMIN,WMAX,RTOT
2011-12-01,13.34,-4.46,9.264987857520376,11.009999999999996
