,TMAX,TMIN,WMAX,RTOT
2011-11-18,16.54,-0.86,11.548592987892507,2.4999999999999996
