,TMAX,TMIN,WMAX,RTOT
2011-06-21,28.64,13.84,5.578530272392541,94.32999999999997
