,TMAX,TMIN,WMAX,RTOT
2011-11-07,19.84,2.94,9.60260381354974,10.479999999999999
