,TMAX,TMIN,WMAX,RTOT
2011-01-27 12:00:00,-0.36,-6.16,4.964876634922564,0.6799999999999999
