,TMAX,TMIN,WMAX,RTOT
2011-01-22,0.54,-20.36,9.508417323613852,7.899999999999998
