,TMAX,TMIN,WMAX,RTOT
2011-06-26 12:00:00,28.64,19.64,5.220153254455275,24.259999999999998
