,TMAX,TMIN,WMAX,RTOT
2011-04-30,21.04,1.24,8.06225774829855,98.89999999999999
