,TMAX,TMIN,WMAX,RTOT
2011-04-16 12:00:00,12.14,2.94,4.43846820423443,9.120000000000001
