,TMAX,TMIN,WMAX,RTOT
2012-01-06,9.04,-7.86,11.9870763741623,4.5699999999999985
