,TMAX,TMIN,WMAX,RTOT
2011-02-16 12:00:00,12.54,9.94,9.037698822156003,1.8699999999999999
