,TMAX,TMIN,WMAX,RTOT
2011-04-24 12:00:00,21.34,12.54,7.702596964660685,55.099999999999994
