,TMAX,TMIN,WMAX,RTOT
2011-05-28,28.84,6.94,8.884255736976508,38.05000000000001
