,TMAX,TMIN,WMAX,RTOT
2011-11-04,15.34,1.44,8.3168503653727,4.670000000000001
