,TMAX,TMIN,WMAX,RTOT
2011-08-03,31.04,18.44,4.8373546489791295,9.399999999999999
