,TMAX,TMIN,WMAX,RTOT
2011-04-06,14.84,-0.16,6.369458375717672,15.940000000000001
