,TMAX,TMIN,WMAX,RTOT
2011-10-18 12:00:00,7.54,4.44,9.929753269845127,27.970000000000002
