,TMAX,TMIN,WMAX,RTOT
2011-11-08,15.64,3.14,8.994442728707543,10.069999999999999
