,TMAX,TMIN,WMAX,RTOT
2011-06-29,30.64,11.54,7.592759709091287,12.760000000000002
