,TMAX,TMIN,WMAX,RTOT
2011-05-25,26.04,6.04,7.443117626371358,8.840000000000002
