,TMAX,TMIN,WMAX,RTOT
2011-10-23,17.04,2.54,7.6105190361761785,24.849999999999998
