,TMAX,TMIN,WMAX,RTOT
2011-09-10,31.64,10.34,6.754257916307312,40.330000000000005
