,TMAX,TMIN,WMAX,RTOT
2012-01-01,7.14,-3.26,9.002777349240622,1.3699999999999999
