,TMAX,TMIN,WMAX,RTOT
2011-12-29 12:00:00,9.04,0.74,9.946356116689167,3.3299999999999996
