,TMAX,TMIN,WMAX,RTOT
2011-04-14,23.64,5.74,9.220086767487604,52.37000000000001
