,TMAX,TMIN,WMAX,RTOT
2011-10-04,20.04,2.44,6.519202405202649,15.259999999999998
