,TMAX,TMIN,WMAX,RTOT
2011-12-22,12.74,-2.26,8.509406559801922,17.810000000000002
