,TMAX,TMIN,WMAX,RTOT
2012-01-08,9.74,-9.46,13.692698784388709,0.45000000000000007
