,TMAX,TMIN,WMAX,RTOT
2011-11-08 12:00:00,14.74,2.14,10.042410069301095,9.519999999999998
