,TMAX,TMIN,WMAX,RTOT
2011-11-14,16.14,0.24,9.642095207992918,59.170000000000016
