,TMAX,TMIN,WMAX,RTOT
2011-07-20,32.14,16.04,4.049691346263317,11.119999999999996
