,TMAX,TMIN,WMAX,RTOT
2011-06-10 12:00:00,23.24,15.54,4.588027898781785,7.110000000000001
