,TMAX,TMIN,WMAX,RTOT
2011-05-16,28.94,7.04,7.566372975210778,5.569999999999998
