,TMAX,TMIN,WMAX,RTOT
2011-05-24 12:00:00,25.34,18.74,7.951100552753688,21.479999999999997
