,TMAX,TMIN,WMAX,RTOT
2011-08-02,30.94,15.74,4.9396356140913875,6.129999999999998
