,TMAX,TMIN,WMAX,RTOT
2011-05-11 12:00:00,27.94,18.84,5.215361924162119,3.2299999999999995
