,TMAX,TMIN,WMAX,RTOT
2011-07-13,31.24,14.74,3.606937759374287,7.8100000000000005
