,TMAX,TMIN,WMAX,RTOT
2011-01-29,-0.66,-16.96,6.356099432828281,5.169999999999999
