,TMAX,TMIN,WMAX,RTOT
2011-10-14,25.44,11.54,7.826237921249264,1.1300000000000001
