,TMAX,TMIN,WMAX,RTOT
2011-05-13,28.14,4.74,8.438601779915913,15.159999999999995
