,TMAX,TMIN,WMAX,RTOT
2011-02-27 12:00:00,9.94,-2.66,8.302409288875129,1.3600000000000003
