,TMAX,TMIN,WMAX,RTOT
2011-11-12,15.74,0.24,9.152595260361949,27.790000000000006
