,TMAX,TMIN,WMAX,RTOT
2011-08-28,29.04,14.34,5.532630477449222,25.119999999999997
