,TMAX,TMIN,WMAX,RTOT
2011-12-05,5.84,-2.96,10.638138934982942,7.739999999999998
