,TMAX,TMIN,WMAX,RTOT
2011-12-20 12:00:00,8.24,3.34,5.830951894845301,0.7500000000000001
