,TMAX,TMIN,WMAX,RTOT
2011-09-12 12:00:00,23.54,12.24,3.6878177829171546,0.16999999999999998
