,TMAX,TMIN,WMAX,RTOT
2011-04-18 12:00:00,19.14,5.34,7.800640999302557,26.259999999999998
