,TMAX,TMIN,WMAX,RTOT
2011-09-11,31.94,7.64,5.770615218501404,18.910000000000004
