,TMAX,TMIN,WMAX,RTOT
2011-09-09,31.94,8.64,5.420332093147061,2.8999999999999995
