,TMAX,TMIN,WMAX,RTOT
2011-02-02,0.64,-16.36,7.532595834106593,3.169999999999999
