,TMAX,TMIN,WMAX,RTOT
2011-07-31,31.24,15.24,4.2047592083257275,10.860000000000001
