,TMAX,TMIN,WMAX,RTOT
2011-04-08 12:00:00,22.84,10.34,5.371219600798314,1.1099999999999999
