,TMAX,TMIN,WMAX,RTOT
2011-09-16,26.94,8.94,5.953990258641679,18.360000000000003
