,TMAX,TMIN,WMAX,RTOT
2011-04-10,24.44,-0.96,9.718538984847465,26.970000000000002
