,TMAX,TMIN,WMAX,RTOT
2011-01-21,-1.06,-23.26,7.940403012442126,20.790000000000006
