,TMAX,TMIN,WMAX,RTOT
2011-10-16,25.24,6.64,9.027181176868003,13.780000000000001
