,TMAX,TMIN,WMAX,RTOT
2011-06-03,30.14,5.84,6.413267497929585,4.409999999999998
