,TMAX,TMIN,WMAX,RTOT
2011-03-06,12.54,-4.46,10.673799698326741,66.83999999999999
