,TMAX,TMIN,WMAX,RTOT
2011-11-17,17.84,-0.96,11.629703349613008,71.13000000000001
