,TMAX,TMIN,WMAX,RTOT
2011-02-21 12:00:00,2.04,-2.36,4.024922359499622,0.8300000000000001
