,TMAX,TMIN,WMAX,RTOT
2011-03-15,11.44,-2.76,9.042676594902641,28.380000000000003
