,TMAX,TMIN,WMAX,RTOT
2011-02-06,1.94,-22.36,12.116517651536682,37.690000000000005
