,TMAX,TMIN,WMAX,RTOT
2011-04-07 12:00:00,17.24,10.64,4.973932046178355,1.3299999999999998
