,TMAX,TMIN,WMAX,RTOT
2011-06-08 12:00:00,30.44,18.94,4.167733196834941,15.809999999999999
