,TMAX,TMIN,WMAX,RTOT
2011-10-29 12:00:00,13.74,4.74,9.265527507918803,1.2000000000000002
