,TMAX,TMIN,WMAX,RTOT
2011-03-10,11.94,-3.56,11.065260954898443,25.759999999999998
