,TMAX,TMIN,WMAX,RTOT
2012-01-02,7.64,-2.86,10.800462953040487,5.559999999999999
