,TMAX,TMIN,WMAX,RTOT
2011-03-01,10.14,-8.66,8.560373823613078,26.080000000000005
