,TMAX,TMIN,WMAX,RTOT
2011-06-25,29.94,15.54,6.603029607687671,52.469999999999985
