,TMAX,TMIN,WMAX,RTOT
2011-08-26,28.74,16.64,4.565084884205331,41.92999999999999
