,TMAX,TMIN,WMAX,RTOT
2011-07-04,31.24,12.04,5.544366510251645,30.280000000000005
