,TMAX,TMIN,WMAX,RTOT
2011-01-14 12:00:00,-0.56,-9.66,6.041522986797286,0.4700000000000001
