,TMAX,TMIN,WMAX,RTOT
2011-05-22,23.64,1.94,7.605918747922567,18.979999999999997
