,TMAX,TMIN,WMAX,RTOT
2011-07-01,30.14,10.84,6.248199740725323,20.520000000000003
