,TMAX,TMIN,WMAX,RTOT
2011-10-27 12:00:00,11.54,2.44,3.3015148038438356,0.6599999999999999
