,TMAX,TMIN,WMAX,RTOT
2011-11-06 12:00:00,13.44,10.44,4.810405388322278,25.919999999999998
