,TMAX,TMIN,WMAX,RTOT
2011-06-15,31.44,14.04,5.5154328932550705,41.419999999999995
