,TMAX,TMIN,WMAX,RTOT
2011-09-13,25.24,8.04,6.705221845696085,2.8500000000000005
