,TMAX,TMIN,WMAX,RTOT
2011-02-20 12:00:00,11.44,-0.56,7.465252842335617,6.8999999999999995
