,TMAX,TMIN,WMAX,RTOT
2011-02-10,-0.26,-19.86,11.374093370462544,9.049999999999995
