,TMAX,TMIN,WMAX,RTOT
2011-02-17,10.14,-20.46,7.715568676384133,3.3100000000000005
