,TMAX,TMIN,WMAX,RTOT
2011-04-08,21.84,0.54,7.854934754662192,104.89999999999999
