,TMAX,TMIN,WMAX,RTOT
2011-10-30,19.84,1.74,9.259049627256568,14.559999999999995
