,TMAX,TMIN,WMAX,RTOT
2011-06-09 12:00:00,29.74,18.84,4.770744176750625,11.259999999999998
