,TMAX,TMIN,WMAX,RTOT
2011-03-04,14.54,-5.16,12.46515142306743,46.080000000000005
