,TMAX,TMIN,WMAX,RTOT
2011-07-15,30.74,12.24,4.42944691807002,13.509999999999998
