,TMAX,TMIN,WMAX,RTOT
2011-05-12,27.24,3.94,6.203224967708329,42.529999999999994
