,TMAX,TMIN,WMAX,RTOT
2011-08-07 12:00:00,27.54,17.54,2.4758836806279896,4.670000000000001
