,TMAX,TMIN,WMAX,RTOT
2011-01-17 12:00:00,1.14,-5.56,7.021395872616783,6.680000000000001
