,TMAX,TMIN,WMAX,RTOT
2011-12-07 12:00:00,2.64,-2.76,3.4409301068170506,0.31999999999999995
