,TMAX,TMIN,WMAX,RTOT
2011-07-23,31.44,17.84,4.428317965096905,3.6299999999999994
