,TMAX,TMIN,WMAX,RTOT
2011-03-11,11.74,-3.96,9.32630687893123,57.88000000000001
