,TMAX,TMIN,WMAX,RTOT
2011-01-25,1.44,-19.36,7.826237921249264,21.810000000000002
