,TMAX,TMIN,WMAX,RTOT
2011-03-14 12:00:00,4.54,1.44,5.420332093147061,8.040000000000001
