,TMAX,TMIN,WMAX,RTOT
2011-04-25,18.34,0.54,12.242957159118053,52.45000000000001
