,TMAX,TMIN,WMAX,RTOT
2011-10-28 12:00:00,12.04,3.04,4.743416490252569,0.060000000000000005
