,TMAX,TMIN,WMAX,RTOT
2011-03-25,17.54,2.04,7.920858539325141,30.210000000000008
