,TMAX,TMIN,WMAX,RTOT
2011-05-02 12:00:00,12.14,3.74,5.462600113499065,1.0299999999999998
