,TMAX,TMIN,WMAX,RTOT
2011-02-28,11.74,-10.56,10.20441081101697,33.36000000000001
