,TMAX,TMIN,WMAX,RTOT
2011-04-28,20.74,2.24,8.832326986700616,78.99999999999999
