,TMAX,TMIN,WMAX,RTOT
2011-01-16,1.44,-10.56,9.167878707749137,9.749999999999998
