,TMAX,TMIN,WMAX,RTOT
2011-01-13 12:00:00,-3.26,-10.16,4.94064773081425,0.5800000000000001
