,TMAX,TMIN,WMAX,RTOT
2011-05-18,28.94,4.24,7.467261881037788,28.549999999999994
