,TMAX,TMIN,WMAX,RTOT
2011-02-06 12:00:00,-2.06,-8.86,6.325345840347388,0.5299999999999999
