,TMAX,TMIN,WMAX,RTOT
2011-12-06,5.34,-4.76,9.381364506296512,60.07000000000001
