,TMAX,TMIN,WMAX,RTOT
2011-11-13,14.64,-0.06,9.604686356149273,70.99000000000001
