,TMAX,TMIN,WMAX,RTOT
2011-12-14,3.44,-7.26,6.5069193939989765,1.8000000000000003
