,TMAX,TMIN,WMAX,RTOT
2011-04-15,25.54,5.74,7.558438992278763,18.880000000000006
