,TMAX,TMIN,WMAX,RTOT
2011-08-01,32.24,17.34,4.720169488482378,22.149999999999995
