,TMAX,TMIN,WMAX,RTOT
2011-06-22,30.74,15.54,6.606814663663572,61.76000000000001
