,TMAX,TMIN,WMAX,RTOT
2011-03-23,17.74,1.34,7.2034713853808015,10.219999999999999
