,TMAX,TMIN,WMAX,RTOT
2011-10-19 12:00:00,7.74,3.84,9.924716620639604,8.680000000000001
