,TMAX,TMIN,WMAX,RTOT
2011-02-19 12:00:00,11.64,1.34,9.217917335276988,1.6700000000000002
