,TMAX,TMIN,WMAX,RTOT
2011-06-26,29.44,13.34,5.90592922409336,49.24999999999999
