,TMAX,TMIN,WMAX,RTOT
2012-01-03,9.54,-3.56,8.969392398596462,8.309999999999999
