,TMAX,TMIN,WMAX,RTOT
2011-02-04,0.44,-13.36,6.440496875241847,6.969999999999997
