,TMAX,TMIN,WMAX,RTOT
2011-09-15,24.94,9.04,5.96824932455071,42.209999999999994
