,TMAX,TMIN,WMAX,RTOT
2011-09-26 12:00:00,14.04,10.34,5.43415126767741,3.3800000000000003
