,TMAX,TMIN,WMAX,RTOT
2011-10-31,20.24,1.24,8.200609733428363,22.109999999999992
