,TMAX,TMIN,WMAX,RTOT
2011-07-21 12:00:00,31.74,23.54,2.7073972741361767,4.109999999999999
