,TMAX,TMIN,WMAX,RTOT
2011-05-17,28.04,9.24,6.324555320336759,32.85999999999999
