,TMAX,TMIN,WMAX,RTOT
2011-11-26,11.94,-0.76,9.972462083156797,3.5999999999999996
