,TMAX,TMIN,WMAX,RTOT
2011-11-26 12:00:00,9.04,2.24,7.433034373659253,5.029999999999999
