,TMAX,TMIN,WMAX,RTOT
2011-02-05,1.44,-17.66,10.44030650891055,24.100000000000005
