,TMAX,TMIN,WMAX,RTOT
2011-07-12,30.84,14.14,3.721558813185679,5.880000000000001
