,TMAX,TMIN,WMAX,RTOT
2011-05-26,27.84,9.74,7.443117626371358,29.150000000000002
