,TMAX,TMIN,WMAX,RTOT
2011-01-09 12:00:00,-2.86,-7.66,5.141984052872976,0.45999999999999996
