,TMAX,TMIN,WMAX,RTOT
2011-01-28 12:00:00,1.44,-2.06,5.556977595779922,0.4600000000000001
