,TMAX,TMIN,WMAX,RTOT
2011-08-16,28.64,11.24,6.26258732474047,27.970000000000002
