,TMAX,TMIN,WMAX,RTOT
2011-11-29,13.44,-1.06,8.052328855678958,41.629999999999995
