,TMAX,TMIN,WMAX,RTOT
2011-09-21 12:00:00,18.84,8.84,3.5902646142032486,0.30000000000000004
