,TMAX,TMIN,WMAX,RTOT
2011-08-13 12:00:00,22.94,15.24,5.215361924162119,0.8700000000000001
