,TMAX,TMIN,WMAX,RTOT
2011-06-09,31.74,14.04,5.300943312279429,8.780000000000001
