,TMAX,TMIN,WMAX,RTOT
2011-02-07,0.14,-20.16,12.74401820463232,42.54999999999999
