,TMAX,TMIN,WMAX,RTOT
2011-11-15,17.24,-0.96,9.135097153287424,32.489999999999995
