,TMAX,TMIN,WMAX,RTOT
2011-12-24,5.44,-1.76,6.420280367709809,34.95000000000002
