,TMAX,TMIN,WMAX,RTOT
2011-02-25,13.64,-4.36,9.091754506144564,9.400000000000002
