,TMAX,TMIN,WMAX,RTOT
2011-01-14,-0.96,-10.16,8.823831367382313,1.7600000000000002
