,TMAX,TMIN,WMAX,RTOT
2011-04-11,21.74,-0.76,9.998499887483122,51.669999999999995
