,TMAX,TMIN,WMAX,RTOT
2011-10-01,24.94,6.84,6.378871373526825,9.919999999999998
