,TMAX,TMIN,WMAX,RTOT
2011-08-19 12:00:00,26.74,14.54,4.459820624195552,7.5200000000000005
