,TMAX,TMIN,WMAX,RTOT
2011-12-03,13.04,-3.26,9.090654541890808,22.060000000000002
