,TMAX,TMIN,WMAX,RTOT
2011-03-22,18.64,-0.56,10.914210919713803,11.959999999999997
