,TMAX,TMIN,WMAX,RTOT
2011-05-10,21.14,2.94,6.579513659838392,18.20999999999999
