,TMAX,TMIN,WMAX,RTOT
2011-05-21 12:00:00,27.54,17.94,6.726812023536855,7.970000000000001
