,TMAX,TMIN,WMAX,RTOT
2011-05-04,21.44,3.74,10.423531071570709,47.55000000000001
