,TMAX,TMIN,WMAX,RTOT
2011-10-06,23.34,1.44,7.975587752636166,0.9500000000000001
