,TMAX,TMIN,WMAX,RTOT
2011-10-21,19.84,1.94,9.518928511129811,49.059999999999995
