,TMAX,TMIN,WMAX,RTOT
2011-01-15,-0.96,-11.06,9.334880824091972,2.6200000000000006
