,TMAX,TMIN,WMAX,RTOT
2011-05-01 12:00:00,14.34,6.54,4.504442251822083,2.9899999999999993
