,TMAX,TMIN,WMAX,RTOT
2011-07-10 12:00:00,32.44,21.74,2.8600699292150185,8.579999999999998
