,TMAX,TMIN,WMAX,RTOT
2011-01-29 12:00:00,0.14,-5.56,5.235456045083369,0.060000000000000005
