,TMAX,TMIN,WMAX,RTOT
2011-01-22 12:00:00,-6.46,-12.86,3.687817782917155,0.12000000000000001
