,TMAX,TMIN,WMAX,RTOT
2011-03-19 12:00:00,16.24,5.94,6.9656299069072,2.9499999999999997
