,TMAX,TMIN,WMAX,RTOT
2011-10-13 12:00:00,15.24,9.04,8.477027781009095,0.06999999999999999
