,TMAX,TMIN,WMAX,RTOT
2011-12-15,5.34,-6.46,5.900847396772772,3.0899999999999994
