,TMAX,TMIN,WMAX,RTOT
2011-08-20 12:00:00,25.84,15.54,3.5355339059327378,3.8700000000000006
