,TMAX,TMIN,WMAX,RTOT
2011-03-24 12:00:00,5.34,-2.06,4.957822102496216,0.21000000000000002
