,TMAX,TMIN,WMAX,RTOT
2011-04-19,19.54,0.44,8.127115109311545,36.24000000000001
