,TMAX,TMIN,WMAX,RTOT
2011-11-27,12.34,0.94,9.633275663033837,51.379999999999995
