,TMAX,TMIN,WMAX,RTOT
2011-06-13 12:00:00,22.74,14.74,5.277309920783504,13.530000000000001
