,TMAX,TMIN,WMAX,RTOT
2011-09-17,25.54,3.24,5.481788029466298,10.679999999999998
