,TMAX,TMIN,WMAX,RTOT
2011-12-27,10.64,-3.86,6.800735254367721,23.610000000000007
