,TMAX,TMIN,WMAX,RTOT
2011-06-17,29.74,9.94,6.585590330410783,42.86999999999999
