,TMAX,TMIN,WMAX,RTOT
2011-08-24,28.54,12.14,5.531726674375733,14.319999999999999
