,TMAX,TMIN,WMAX,RTOT
2011-09-05,32.34,12.94,3.7013511046643495,17.900000000000002
