,TMAX,TMIN,WMAX,RTOT
2011-12-11,10.14,-7.26,9.32630687893123,14.439999999999998
