,TMAX,TMIN,WMAX,RTOT
2011-03-16,11.14,-2.06,10.47377677822093,32.940000000000005
