,TMAX,TMIN,WMAX,RTOT
2011-06-16 12:00:00,28.84,18.24,4.55411901469428,5.859999999999999
