,TMAX,TMIN,WMAX,RTOT
2011-02-10 12:00:00,-3.36,-12.36,6.929646455628166,0.43000000000000005
