,TMAX,TMIN,WMAX,RTOT
2011-10-08,24.44,3.34,7.684399781375251,0.060000000000000005
