,TMAX,TMIN,WMAX,RTOT
2011-03-03,14.14,-5.06,12.041594578792296,32.06999999999999
