,TMAX,TMIN,WMAX,RTOT
2011-10-17,24.54,5.34,8.507055894961546,8.709999999999999
