,TMAX,TMIN,WMAX,RTOT
2011-01-24,1.44,-15.56,8.309632964216892,13.530000000000001
