,TMAX,TMIN,WMAX,RTOT
2011-04-30 12:00:00,17.54,7.34,5.481788029466299,9.059999999999999
