,TMAX,TMIN,WMAX,RTOT
2011-04-24,21.34,1.54,11.60775602776006,100.53999999999999
