,TMAX,TMIN,WMAX,RTOT
2011-11-02 12:00:00,10.34,5.34,7.3246160308919945,25.259999999999998
