,TMAX,TMIN,WMAX,RTOT
2011-05-23 12:00:00,24.54,17.04,4.220189569201838,2.2199999999999998
