,TMAX,TMIN,WMAX,RTOT
2011-06-08,32.04,15.64,6.797793759742936,21.499999999999996
