,TMAX,TMIN,WMAX,RTOT
2011-12-31,5.54,-4.56,7.505997601918082,9.459999999999999
