,TMAX,TMIN,WMAX,RTOT
2011-12-25 12:00:00,4.74,-1.36,5.10881590977792,0.8200000000000001
