,TMAX,TMIN,WMAX,RTOT
2011-06-28,28.34,12.94,6.762396025078686,18.200000000000003
