,TMAX,TMIN,WMAX,RTOT
2011-01-26,1.34,-16.26,7.592759709091287,16.909999999999997
