,TMAX,TMIN,WMAX,RTOT
2011-02-27,11.64,-3.66,9.217917335276988,32.35999999999999
