,TMAX,TMIN,WMAX,RTOT
2011-08-21 12:00:00,25.74,13.44,2.3769728648009423,0.06999999999999999
