,TMAX,TMIN,WMAX,RTOT
2011-12-08 12:00:00,-0.36,-5.76,4.860041152089146,0.41000000000000003
