,TMAX,TMIN,WMAX,RTOT
2011-09-27,23.14,4.84,5.1478150704935,1.4200000000000002
