,TMAX,TMIN,WMAX,RTOT
2011-01-10 12:00:00,-4.06,-5.96,5.385164807134504,6.120000000000001
