,TMAX,TMIN,WMAX,RTOT
2011-01-30,-0.36,-12.86,10.50047617967871,5.010000000000001
