,TMAX,TMIN,WMAX,RTOT
2011-04-12,25.14,-0.46,10.24597481941079,57.35000000000001
