,TMAX,TMIN,WMAX,RTOT
2011-02-15 12:00:00,12.14,1.54,7.368174807915458,1.2100000000000002
