,TMAX,TMIN,WMAX,RTOT
2011-12-19 12:00:00,5.54,2.64,5.63648826841678,5.550000000000001
