,TMAX,TMIN,WMAX,RTOT
2011-11-21 12:00:00,8.44,6.64,5.52177507691141,4.629999999999999
