,TMAX,TMIN,WMAX,RTOT
2011-03-24,16.14,1.54,7.930952023559341,27.75999999999999
