,TMAX,TMIN,WMAX,RTOT
2011-03-13,10.04,-4.16,9.822932352408827,29.160000000000007
