,TMAX,TMIN,WMAX,RTOT
2011-02-14,5.74,-15.86,9.340770846134703,1.8200000000000007
