,TMAX,TMIN,WMAX,RTOT
2011-04-29,22.34,2.94,8.15659242576212,69.46999999999998
