,TMAX,TMIN,WMAX,RTOT
2012-11-02 12:00:00,5.14,1.34,3.3541019662496843,1.2100000000000002
