,TMAX,TMIN,WMAX,RTOT
2012-09-08,29.24,10.84,5.4671747731346585,46.10000000000001
