,TMAX,TMIN,WMAX,RTOT
2012-08-29,27.34,11.24,5.70087712549569,10.959999999999999
