,TMAX,TMIN,WMAX,RTOT
2012-03-27,24.94,10.14,8.237718130647588,23.399999999999995
