,TMAX,TMIN,WMAX,RTOT
2012-04-29 12:00:00,22.64,14.44,4.440720662234904,8.649999999999999
