,TMAX,TMIN,WMAX,RTOT
2012-01-31,7.44,-5.66,10.846197490364998,2.8799999999999994
