,TMAX,TMIN,WMAX,RTOT
2012-10-27,21.94,4.34,9.10494371207203,31.449999999999996
