,TMAX,TMIN,WMAX,RTOT
2012-10-15,20.94,1.14,7.746612162745725,22.629999999999995
