,TMAX,TMIN,WMAX,RTOT
2012-06-23,30.04,18.24,7.077428911688198,31.160000000000007
