,TMAX,TMIN,WMAX,RTOT
2012-03-31,20.94,6.54,8.174350127074323,12.829999999999998
