,TMAX,TMIN,WMAX,RTOT
2012-08-19,26.94,6.84,5.671860364994893,17.310000000000006
