,TMAX,TMIN,WMAX,RTOT
2012-01-23,16.24,-9.66,9.462557793746889,12.189999999999998
