,TMAX,TMIN,WMAX,RTOT
2012-01-20,9.84,-10.46,10.261578825892242,12.770000000000001
