,TMAX,TMIN,WMAX,RTOT
2012-05-27,32.04,8.54,7.922752047110903,8.309999999999999
