,TMAX,TMIN,WMAX,RTOT
2012-12-07,16.14,-0.16,8.612200647918046,7.499999999999999
