,TMAX,TMIN,WMAX,RTOT
2012-06-18,29.24,11.94,5.162363799656123,6.869999999999999
