,TMAX,TMIN,WMAX,RTOT
2012-03-23,24.54,15.34,8.075270893288968,21.880000000000003
