,TMAX,TMIN,WMAX,RTOT
2012-07-19,30.44,17.04,4.045985664828782,17.409999999999997
