,TMAX,TMIN,WMAX,RTOT
2012-04-30,20.24,2.34,7.7278716345446625,34.129999999999995
