,TMAX,TMIN,WMAX,RTOT
2013-01-05,0.14,-13.56,7.324616030891995,9.119999999999996
