,TMAX,TMIN,WMAX,RTOT
2012-11-30,14.34,-3.06,9.1706052144883,26.919999999999998
