,TMAX,TMIN,WMAX,RTOT
2012-07-26,31.64,16.54,3.9812058474788765,27.010000000000005
