,TMAX,TMIN,WMAX,RTOT
2012-11-24,12.94,0.04,6.552098900352466,0.9100000000000001
