,TMAX,TMIN,WMAX,RTOT
2012-03-28,25.44,7.94,8.637708029332781,17.669999999999998
