,TMAX,TMIN,WMAX,RTOT
2012-10-22,22.04,4.04,10.396634070698074,18.209999999999997
