,TMAX,TMIN,WMAX,RTOT
2012-05-02,19.64,0.04,8.028075734570521,46.24999999999999
