,TMAX,TMIN,WMAX,RTOT
2012-02-16,4.44,-8.46,7.227724399837061,5.6099999999999985
