,TMAX,TMIN,WMAX,RTOT
2012-03-23 12:00:00,18.74,9.84,4.026164427839479,1.8399999999999999
