,TMAX,TMIN,WMAX,RTOT
2012-12-15,8.84,-4.76,8.471717653463198,10.779999999999996
