,TMAX,TMIN,WMAX,RTOT
2012-11-10,16.14,0.14,5.821511831131154,1.2800000000000002
