,TMAX,TMIN,WMAX,RTOT
2012-05-09,27.54,12.94,7.387827826905552,55.029999999999994
