,TMAX,TMIN,WMAX,RTOT
2012-10-10,23.84,-0.26,6.262587324740471,15.119999999999997
