,TMAX,TMIN,WMAX,RTOT
2012-04-07,27.64,4.04,6.989277502002621,26.119999999999997
