,TMAX,TMIN,WMAX,RTOT
2012-08-02,31.94,14.14,5.059644256269407,16.080000000000002
