,TMAX,TMIN,WMAX,RTOT
2012-09-25,23.74,2.94,6.092618484691126,6.3199999999999985
