,TMAX,TMIN,WMAX,RTOT
2012-05-28,29.94,8.04,8.82043082847998,13.339999999999998
