,TMAX,TMIN,WMAX,RTOT
2012-03-26,24.84,11.04,8.190848551890092,12.689999999999998
