,TMAX,TMIN,WMAX,RTOT
2012-12-01 12:00:00,15.84,12.14,7.566372975210778,2.3499999999999996
