,TMAX,TMIN,WMAX,RTOT
2012-12-19 12:00:00,10.74,-2.06,16.41371377842321,12.949999999999998
