,TMAX,TMIN,WMAX,RTOT
2012-02-14,5.64,-5.96,7.306161783043132,0.9299999999999999
