,TMAX,TMIN,WMAX,RTOT
2012-09-20 12:00:00,16.54,9.44,3.176476034853718,1.9900000000000002
