,TMAX,TMIN,WMAX,RTOT
2012-06-02,31.64,7.14,7.083784299369936,22.880000000000003
