,TMAX,TMIN,WMAX,RTOT
2012-12-17 12:00:00,7.34,-0.66,8.823831367382313,0.09999999999999999
