,TMAX,TMIN,WMAX,RTOT
2012-12-24,10.84,-5.16,11.94361754243663,6.319999999999999
