,TMAX,TMIN,WMAX,RTOT
2012-07-03,32.04,11.74,5.374011537017761,10.020000000000001
