,TMAX,TMIN,WMAX,RTOT
2012-06-07,26.24,7.84,6.987131027825369,22.130000000000006
