,TMAX,TMIN,WMAX,RTOT
2012-02-18,7.44,-9.36,9.873196037757987,6.5600000000000005
