,TMAX,TMIN,WMAX,RTOT
2012-12-23 12:00:00,0.94,-3.46,6.020797289396148,0.49000000000000005
