,TMAX,TMIN,WMAX,RTOT
2012-05-20 12:00:00,18.44,9.84,5.500909015790027,0.16000000000000003
