,TMAX,TMIN,WMAX,RTOT
2012-01-25,8.54,-11.96,11.227199116431489,8.569999999999999
