,TMAX,TMIN,WMAX,RTOT
2012-11-06,14.24,-1.16,9.585405573057407,2.1899999999999995
