,TMAX,TMIN,WMAX,RTOT
2012-08-28,27.84,7.84,6.440496875241847,9.519999999999998
