,TMAX,TMIN,WMAX,RTOT
2012-12-27 12:00:00,0.44,-3.16,3.2802438933713454,0.38000000000000006
