,TMAX,TMIN,WMAX,RTOT
2012-01-30,10.64,-4.86,11.741379816699569,15.919999999999998
