,TMAX,TMIN,WMAX,RTOT
2012-09-12,29.64,8.14,6.293647591023825,13.789999999999997
