,TMAX,TMIN,WMAX,RTOT
2012-02-02 12:00:00,8.94,2.94,5.220153254455275,0.31000000000000005
