,TMAX,TMIN,WMAX,RTOT
2012-08-10,29.04,12.64,4.640043103248073,14.110000000000001
