,TMAX,TMIN,WMAX,RTOT
2012-08-30 12:00:00,26.44,17.44,3.23882694814033,6.960000000000001
