,TMAX,TMIN,WMAX,RTOT
2012-12-13,9.64,-2.96,10.089598604503552,23.780000000000005
