,TMAX,TMIN,WMAX,RTOT
2012-11-07,12.04,-0.76,9.527329111561121,7.849999999999999
