,TMAX,TMIN,WMAX,RTOT
2012-12-11,19.64,-0.66,9.305912099305473,46.36999999999998
