,TMAX,TMIN,WMAX,RTOT
2012-12-20 12:00:00,-2.06,-5.56,14.541320435228709,0.18000000000000002
