,TMAX,TMIN,WMAX,RTOT
2013-01-01,1.44,-5.06,11.016805344563368,7.139999999999998
