,TMAX,TMIN,WMAX,RTOT
2012-01-14,11.44,-8.16,10.336827366266693,6.880000000000001
