,TMAX,TMIN,WMAX,RTOT
2012-07-15 12:00:00,28.94,20.14,2.4698178070456938,0.6699999999999999
