,TMAX,TMIN,WMAX,RTOT
2012-02-26,11.84,-4.16,10.456098698845569,9.889999999999999
