,TMAX,TMIN,WMAX,RTOT
2012-12-30 12:00:00,-0.36,-4.26,6.382005954243541,4.0200000000000005
