,TMAX,TMIN,WMAX,RTOT
2012-05-10,28.24,13.04,7.73692445355388,29.090000000000003
