,TMAX,TMIN,WMAX,RTOT
2012-06-20,31.34,10.54,5.403702434442518,3.4899999999999998
