,TMAX,TMIN,WMAX,RTOT
2012-09-19 12:00:00,21.24,9.44,4.933558553417604,0.48000000000000004
