,TMAX,TMIN,WMAX,RTOT
2012-05-13,28.04,8.34,5.053711507397311,23.230000000000004
