,TMAX,TMIN,WMAX,RTOT
2012-01-21,7.24,-12.76,9.972462083156797,13.639999999999999
