,TMAX,TMIN,WMAX,RTOT
2012-09-16,26.94,8.84,4.393176527297759,18.540000000000003
