,TMAX,TMIN,WMAX,RTOT
2012-05-12,29.94,9.24,6.341135544995076,21.990000000000002
