,TMAX,TMIN,WMAX,RTOT
2012-04-28 12:00:00,16.14,7.74,4.825971404805461,7.459999999999999
