,TMAX,TMIN,WMAX,RTOT
2012-06-08,25.94,9.14,7.117583859709698,45.25000000000001
