,TMAX,TMIN,WMAX,RTOT
2012-04-24 12:00:00,19.64,7.34,4.539823785126467,21.719999999999995
