,TMAX,TMIN,WMAX,RTOT
2012-04-08,26.54,4.44,6.670832032063167,11.540000000000001
