,TMAX,TMIN,WMAX,RTOT
2012-10-13,17.54,0.84,7.488658090739622,12.239999999999998
