,TMAX,TMIN,WMAX,RTOT
2012-08-08,29.94,12.64,4.360045871318328,25.929999999999996
