,TMAX,TMIN,WMAX,RTOT
2012-04-02,20.64,6.04,7.623647421018367,6.580000000000001
