,TMAX,TMIN,WMAX,RTOT
2012-11-29,13.94,-3.26,8.765842800324451,19.990000000000002
