,TMAX,TMIN,WMAX,RTOT
2012-04-19 12:00:00,13.94,4.54,6.449806198638839,4.2299999999999995
