,TMAX,TMIN,WMAX,RTOT
2012-10-25,21.54,5.64,9.454099639838793,30.930000000000003
