,TMAX,TMIN,WMAX,RTOT
2012-02-09,9.84,-1.96,7.976214641043708,10.249999999999998
