,TMAX,TMIN,WMAX,RTOT
2012-10-12,24.44,1.64,6.646803743153547,25.719999999999995
