,TMAX,TMIN,WMAX,RTOT
2012-08-25,26.14,8.74,3.3837848631377265,6.289999999999999
