,TMAX,TMIN,WMAX,RTOT
2012-12-28 12:00:00,-2.96,-12.36,7.324616030891995,0.30000000000000004
