,TMAX,TMIN,WMAX,RTOT
2012-02-19,6.94,-9.26,9.402127418834526,10.510000000000002
