,TMAX,TMIN,WMAX,RTOT
2012-01-10 12:00:00,5.94,0.94,5.946427498927402,0.49000000000000005
