,TMAX,TMIN,WMAX,RTOT
2012-10-21,22.74,1.84,11.067971810589327,26.590000000000007
