,TMAX,TMIN,WMAX,RTOT
2012-08-31,27.64,13.44,5.303772242470448,10.600000000000001
