,TMAX,TMIN,WMAX,RTOT
2012-07-13 12:00:00,28.34,19.44,2.0615528128088303,1.8900000000000001
