,TMAX,TMIN,WMAX,RTOT
2012-02-02,6.84,-5.16,10.801851693112622,8.439999999999998
