,TMAX,TMIN,WMAX,RTOT
2012-03-10,14.24,-3.06,13.944174410842688,15.819999999999995
