,TMAX,TMIN,WMAX,RTOT
2012-08-03 12:00:00,27.74,21.74,3.9115214431215892,11.509999999999998
