,TMAX,TMIN,WMAX,RTOT
2012-08-11 12:00:00,23.54,6.84,3.7589892258425004,0.12000000000000001
