,TMAX,TMIN,WMAX,RTOT
2012-04-26,22.54,3.24,7.217340230306453,15.899999999999999
