,TMAX,TMIN,WMAX,RTOT
2012-08-23,25.44,8.84,5.630275304103699,8.789999999999997
