,TMAX,TMIN,WMAX,RTOT
2012-12-22,10.34,-5.26,9.419129471453294,9.049999999999997
