,TMAX,TMIN,WMAX,RTOT
2012-11-06 12:00:00,7.44,3.84,4.295346318982906,0.8499999999999999
