,TMAX,TMIN,WMAX,RTOT
2012-07-13,34.34,14.24,5.059644256269407,28.970000000000002
