,TMAX,TMIN,WMAX,RTOT
2012-03-13,17.64,-5.36,11.112605455067682,17.560000000000002
