,TMAX,TMIN,WMAX,RTOT
2012-03-25,24.64,7.14,8.962700485902673,18.849999999999998
