,TMAX,TMIN,WMAX,RTOT
2012-02-03,10.64,-3.56,9.618731725128837,10.019999999999998
