,TMAX,TMIN,WMAX,RTOT
2012-03-18,21.64,-1.16,8.904493247793498,37.489999999999995
