,TMAX,TMIN,WMAX,RTOT
2012-12-07 12:00:00,7.44,2.24,5.813776741499454,0.6300000000000001
