,TMAX,TMIN,WMAX,RTOT
2012-08-18,24.54,7.74,4.924428900898052,10.879999999999999
