,TMAX,TMIN,WMAX,RTOT
2012-09-30,25.04,2.84,7.2201108024738785,32.82999999999999
