,TMAX,TMIN,WMAX,RTOT
2012-04-04,24.44,4.64,12.42014492669067,40.68000000000001
