,TMAX,TMIN,WMAX,RTOT
2012-03-16 12:00:00,23.44,14.84,6.428841264178173,0.5700000000000001
