,TMAX,TMIN,WMAX,RTOT
2012-06-12,29.24,10.74,4.535416188179427,1.6300000000000001
