,TMAX,TMIN,WMAX,RTOT
2012-12-02,9.34,-3.96,5.5154328932550705,4.880000000000001
