,TMAX,TMIN,WMAX,RTOT
2012-08-26,27.24,7.54,4.188078318274385,14.669999999999998
