,TMAX,TMIN,WMAX,RTOT
2013-01-02,0.54,-6.96,10.478549517943788,6.509999999999999
