,TMAX,TMIN,WMAX,RTOT
2012-10-01 12:00:00,16.24,11.74,5.672741841473134,3.0300000000000002
