,TMAX,TMIN,WMAX,RTOT
2012-04-21,24.14,6.04,11.216059914247962,45.969999999999985
