,TMAX,TMIN,WMAX,RTOT
2012-12-23,11.14,-4.36,13.40820644232479,14.330000000000002
