,TMAX,TMIN,WMAX,RTOT
2012-05-17,23.74,7.74,5.4561891462814955,8.910000000000002
