,TMAX,TMIN,WMAX,RTOT
2012-04-09,27.24,5.74,7.467261881037788,37.730000000000004
