,TMAX,TMIN,WMAX,RTOT
2012-06-03 12:00:00,24.54,12.74,3.4058772731852804,0.32999999999999996
