,TMAX,TMIN,WMAX,RTOT
2012-09-11,29.14,8.44,4.617358552246078,4.1499999999999995
