,TMAX,TMIN,WMAX,RTOT
2012-08-24,26.04,9.14,6.400781202322104,25.449999999999996
