,TMAX,TMIN,WMAX,RTOT
2012-12-12,13.44,1.24,7.684399781375251,20.140000000000004
