,TMAX,TMIN,WMAX,RTOT
2012-02-23,12.84,-3.26,10.470912090166738,39.279999999999994
