,TMAX,TMIN,WMAX,RTOT
2012-05-12 12:00:00,21.84,11.14,3.96232255123179,0.24000000000000002
