,TMAX,TMIN,WMAX,RTOT
2012-02-15,4.14,-10.16,7.571657678474377,4.940000000000001
