,TMAX,TMIN,WMAX,RTOT
2012-08-17,26.54,9.64,5.664803615307419,27.34000000000001
