,TMAX,TMIN,WMAX,RTOT
2012-06-29,29.54,10.04,5.646237685397242,21.279999999999998
