,TMAX,TMIN,WMAX,RTOT
2012-05-30 12:00:00,14.84,8.44,6.987131027825369,18.180000000000003
