,TMAX,TMIN,WMAX,RTOT
2012-04-20,21.24,2.84,9.406912352095134,25.830000000000002
