,TMAX,TMIN,WMAX,RTOT
2012-10-04 12:00:00,12.04,4.54,4.491102314577124,16.810000000000002
