,TMAX,TMIN,WMAX,RTOT
2012-09-27,26.64,2.54,7.023531875061151,9.279999999999998
