,TMAX,TMIN,WMAX,RTOT
2012-02-07,10.54,-1.56,9.984988733093292,8.229999999999999
