,TMAX,TMIN,WMAX,RTOT
2012-01-18 12:00:00,-2.06,-10.26,7.502666192761077,1.1099999999999999
