,TMAX,TMIN,WMAX,RTOT
2012-08-27,25.64,8.54,8.16884324736373,72.83000000000001
