,TMAX,TMIN,WMAX,RTOT
2012-10-23,21.84,5.44,8.602325267042627,24.889999999999993
