,TMAX,TMIN,WMAX,RTOT
2012-03-05,12.64,-3.56,12.224974437601086,14.189999999999998
