,TMAX,TMIN,WMAX,RTOT
2012-07-28,30.84,16.04,4.441846462902562,29.710000000000004
