,TMAX,TMIN,WMAX,RTOT
2012-09-21,26.14,4.14,6.3063460101710245,10.040000000000001
