,TMAX,TMIN,WMAX,RTOT
2012-02-09 12:00:00,3.14,-6.56,8.702298546935745,2.9599999999999995
