,TMAX,TMIN,WMAX,RTOT
2012-09-15,29.44,9.24,5.500909015790027,51.07000000000001
