,TMAX,TMIN,WMAX,RTOT
2012-01-15,7.64,-4.16,6.896375859826667,13.620000000000001
