,TMAX,TMIN,WMAX,RTOT
2012-05-03,24.24,1.94,8.263776376451629,41.769999999999996
