,TMAX,TMIN,WMAX,RTOT
2012-12-08,16.84,0.94,8.579627031520658,25.620000000000005
