,TMAX,TMIN,WMAX,RTOT
2012-12-09,18.34,-0.16,8.325863318599458,7.939999999999999
