,TMAX,TMIN,WMAX,RTOT
2012-09-07,27.54,15.94,4.738143096192853,23.149999999999995
