,TMAX,TMIN,WMAX,RTOT
2012-12-09 12:00:00,4.94,-1.86,7.684399781375251,0.32999999999999996
