,TMAX,TMIN,WMAX,RTOT
2012-09-06,26.94,16.44,6.578753681359411,50.400000000000006
