,TMAX,TMIN,WMAX,RTOT
2012-04-01 12:00:00,21.94,15.24,5.366563145999495,1.1600000000000001
