,TMAX,TMIN,WMAX,RTOT
2012-06-24,29.94,15.84,6.741661516273269,20.040000000000003
