,TMAX,TMIN,WMAX,RTOT
2012-12-25,10.74,-6.76,15.504837954651446,6.459999999999998
