,TMAX,TMIN,WMAX,RTOT
2012-06-19,30.24,11.14,4.518849411078001,7.809999999999999
