,TMAX,TMIN,WMAX,RTOT
2012-09-16 12:00:00,23.14,9.94,5.546169849544818,5.819999999999999
