,TMAX,TMIN,WMAX,RTOT
2012-12-30,0.34,-12.76,11.329607230614839,13.759999999999998
