,TMAX,TMIN,WMAX,RTOT
2012-05-07,27.54,7.04,7.446475676452586,48.220000000000006
