,TMAX,TMIN,WMAX,RTOT
2012-03-02,12.94,-3.66,11.19866063420086,9.569999999999995
