,TMAX,TMIN,WMAX,RTOT
2012-10-07,24.14,3.04,5.2345009313209605,9.259999999999998
