,TMAX,TMIN,WMAX,RTOT
2012-08-20,24.04,7.94,4.341658669218482,22.140000000000004
