,TMAX,TMIN,WMAX,RTOT
2012-12-06 12:00:00,8.04,6.24,3.2310988842807022,10.590000000000002
