,TMAX,TMIN,WMAX,RTOT
2012-09-24 12:00:00,19.74,10.54,4.386342439892262,14.919999999999998
