,TMAX,TMIN,WMAX,RTOT
2012-03-11,13.84,-4.26,11.200892821556682,41.41999999999999
