,TMAX,TMIN,WMAX,RTOT
2012-01-24,10.04,-11.16,10.584894897919394,15.209999999999997
