,TMAX,TMIN,WMAX,RTOT
2012-06-09,26.94,8.94,6.7446274915669,12.739999999999998
