,TMAX,TMIN,WMAX,RTOT
2012-08-22,25.74,8.24,4.580392996239516,13.069999999999997
