,TMAX,TMIN,WMAX,RTOT
2012-04-13 12:00:00,19.04,9.64,7.15122367151245,16.169999999999998
