,TMAX,TMIN,WMAX,RTOT
2012-10-24,21.24,5.24,8.840814442120138,29.890000000000004
