,TMAX,TMIN,WMAX,RTOT
2012-10-05,25.04,5.34,3.8470768123342687,7.069999999999999
