,TMAX,TMIN,WMAX,RTOT
2012-03-24,24.04,8.54,9.920181449953423,42.800000000000004
