,TMAX,TMIN,WMAX,RTOT
2012-04-25,22.04,1.74,7.749193506423749,17.950000000000003
