,TMAX,TMIN,WMAX,RTOT
2012-04-10,26.64,2.24,7.083784299369935,15.959999999999999
