,TMAX,TMIN,WMAX,RTOT
2012-03-20,24.54,10.54,9.794386147176352,13.529999999999996
