,TMAX,TMIN,WMAX,RTOT
2012-08-09,29.14,11.64,4.313930922024598,2.8799999999999994
