,TMAX,TMIN,WMAX,RTOT
2012-12-25 12:00:00,-0.76,-3.96,10.478549517943788,4.409999999999999
