,TMAX,TMIN,WMAX,RTOT
2012-04-27 12:00:00,12.44,5.94,6.609841147864296,4.559999999999999
