,TMAX,TMIN,WMAX,RTOT
2012-03-04,12.44,-3.56,12.646343345014794,16.450000000000003
