,TMAX,TMIN,WMAX,RTOT
2012-01-18,8.54,-9.56,9.464142856064674,15.959999999999999
