,TMAX,TMIN,WMAX,RTOT
2012-02-21,7.14,-4.36,7.657675887630659,16.770000000000007
