,TMAX,TMIN,WMAX,RTOT
2012-08-03,29.44,16.34,5.107837115648854,15.799999999999999
