,TMAX,TMIN,WMAX,RTOT
2012-12-16 12:00:00,6.34,2.64,3.1827660925679098,0.6000000000000001
