,TMAX,TMIN,WMAX,RTOT
2012-11-02,23.04,-1.96,8.614522621712709,8.549999999999999
