,TMAX,TMIN,WMAX,RTOT
2012-01-29,8.44,-9.06,11.194641575325223,18.490000000000013
