,TMAX,TMIN,WMAX,RTOT
2012-11-23,15.14,-1.36,4.341658669218482,0.18000000000000002
