,TMAX,TMIN,WMAX,RTOT
2012-07-14,33.84,12.44,4.016217125604641,5.289999999999999
