,TMAX,TMIN,WMAX,RTOT
2012-12-28,10.14,-5.76,15.861904047118681,6.409999999999998
