,TMAX,TMIN,WMAX,RTOT
2012-01-19,6.24,-8.86,9.751410154434074,20.509999999999998
