,TMAX,TMIN,WMAX,RTOT
2012-01-11,8.64,-8.96,8.246211251235321,1.1199999999999999
