,TMAX,TMIN,WMAX,RTOT
2012-01-12 12:00:00,-6.96,-9.86,10.220078277586724,0.6600000000000001
