,TMAX,TMIN,WMAX,RTOT
2012-03-29 12:00:00,21.14,10.24,7.889233169326408,2.3800000000000003
