,TMAX,TMIN,WMAX,RTOT
2012-02-29,11.24,-5.86,11.672617529928752,8.750000000000002
