,TMAX,TMIN,WMAX,RTOT
2012-04-23,21.14,1.94,9.596353474106714,38.53999999999999
