,TMAX,TMIN,WMAX,RTOT
2013-01-04,0.44,-13.26,7.357309290766564,4.849999999999999
