,TMAX,TMIN,WMAX,RTOT
2012-04-27,26.04,2.94,7.648529270389178,5.559999999999999
