,TMAX,TMIN,WMAX,RTOT
2012-10-01,22.84,2.24,4.6097722286464435,56.000000000000014
