,TMAX,TMIN,WMAX,RTOT
2012-11-08,11.44,0.14,7.769813382572325,3.489999999999999
