,TMAX,TMIN,WMAX,RTOT
2012-07-28 12:00:00,26.64,15.74,3.9012818406262317,1.7599999999999998
