,TMAX,TMIN,WMAX,RTOT
2012-08-05,29.54,13.34,4.441846462902562,12.189999999999998
