,TMAX,TMIN,WMAX,RTOT
2012-02-03 12:00:00,5.74,3.24,8.705170877128145,12.709999999999999
