,TMAX,TMIN,WMAX,RTOT
2012-11-09,12.34,-0.56,5.011985634456668,0.9500000000000001
