,TMAX,TMIN,WMAX,RTOT
2012-01-21 12:00:00,8.44,-6.66,7.912016177940993,17.950000000000003
