,TMAX,TMIN,WMAX,RTOT
2013-01-03,0.84,-6.06,10.791200118615167,6.299999999999997
