,TMAX,TMIN,WMAX,RTOT
2012-11-21,10.04,-1.96,7.473285756613352,6.449999999999999
