,TMAX,TMIN,WMAX,RTOT
2012-02-13 12:00:00,3.64,-1.76,5.869412236331676,1.5000000000000002
