,TMAX,TMIN,WMAX,RTOT
2012-09-01 12:00:00,24.74,20.84,4.98196748283246,2.3199999999999994
