,TMAX,TMIN,WMAX,RTOT
2012-10-20,23.14,4.84,8.74642784226795,15.529999999999998
