,TMAX,TMIN,WMAX,RTOT
2012-03-09,15.34,-2.46,12.872451204024818,7.119999999999999
