,TMAX,TMIN,WMAX,RTOT
2012-02-21 12:00:00,9.54,0.64,5.544366510251645,1.4100000000000001
