,TMAX,TMIN,WMAX,RTOT
2012-06-26,31.04,14.04,6.830812543175226,4.299999999999999
