,TMAX,TMIN,WMAX,RTOT
2012-11-17,16.94,-1.26,10.001999800039991,24.830000000000002
