,TMAX,TMIN,WMAX,RTOT
2012-03-14,16.64,-1.06,11.552056094046636,8.949999999999998
