,TMAX,TMIN,WMAX,RTOT
2012-08-13,26.54,9.34,3.5383612025908264,4.149999999999999
