,TMAX,TMIN,WMAX,RTOT
2012-01-28 12:00:00,0.74,-2.26,7.741446893184762,0.09999999999999999
