,TMAX,TMIN,WMAX,RTOT
2012-01-27,9.54,-11.46,10.679419459877021,14.129999999999995
