,TMAX,TMIN,WMAX,RTOT
2012-07-24,30.24,14.54,3.6235341863986883,16.850000000000005
