,TMAX,TMIN,WMAX,RTOT
2012-07-30,30.34,17.24,4.7169905660283025,16.349999999999998
