,TMAX,TMIN,WMAX,RTOT
2012-12-10,18.54,2.64,9.454099639838793,12.249999999999998
