,TMAX,TMIN,WMAX,RTOT
2012-03-16,22.04,-1.26,9.526804291051644,17.290000000000003
