,TMAX,TMIN,WMAX,RTOT
2012-05-19 12:00:00,28.34,18.54,5.323532661682466,4.369999999999999
