,TMAX,TMIN,WMAX,RTOT
2012-02-27,13.84,-2.96,12.200409829181968,7.509999999999998
