,TMAX,TMIN,WMAX,RTOT
2012-09-10,27.64,10.74,4.6690470119715,26.869999999999994
