,TMAX,TMIN,WMAX,RTOT
2012-11-05 12:00:00,6.54,-0.36,3.189043743820395,4.539999999999999
