,TMAX,TMIN,WMAX,RTOT
2012-08-15,28.54,8.34,5.500909015790027,24.410000000000004
