,TMAX,TMIN,WMAX,RTOT
2012-10-02,21.34,4.54,4.648655719667784,28.19000000000001
