,TMAX,TMIN,WMAX,RTOT
2012-05-14,29.14,6.24,5.360037313302959,22.510000000000005
