,TMAX,TMIN,WMAX,RTOT
2012-07-29,30.64,19.64,4.8270073544588685,24.639999999999997
