,TMAX,TMIN,WMAX,RTOT
2012-07-02,32.84,11.94,5.375872022286245,3.9399999999999995
