,TMAX,TMIN,WMAX,RTOT
2012-02-17,6.54,-9.06,8.702298546935745,9.629999999999999
