,TMAX,TMIN,WMAX,RTOT
2012-11-15,17.54,-3.36,9.92975326984513,49.28999999999999
