,TMAX,TMIN,WMAX,RTOT
2012-01-22,5.24,-9.56,8.588364221433554,6.169999999999999
