,TMAX,TMIN,WMAX,RTOT
2012-11-30 12:00:00,12.84,5.44,7.08590149522275,0.6900000000000001
