,TMAX,TMIN,WMAX,RTOT
2012-02-01,9.74,-5.46,11.006361796706484,0.7400000000000001
