,TMAX,TMIN,WMAX,RTOT
2012-12-04,17.74,-3.86,8.276472678623424,3.420000000000001
