,TMAX,TMIN,WMAX,RTOT
2012-12-31,1.04,-10.26,12.16963434126104,10.410000000000002
