,TMAX,TMIN,WMAX,RTOT
2012-02-11,10.74,-1.26,8.705170877128145,13.929999999999996
