,TMAX,TMIN,WMAX,RTOT
2012-02-22 12:00:00,9.54,3.14,7.093659140387279,3.9899999999999993
