,TMAX,TMIN,WMAX,RTOT
2012-12-27,10.74,-5.26,16.41371377842321,47.33000000000001
