,TMAX,TMIN,WMAX,RTOT
2012-03-07,19.54,-1.76,12.477980605851254,10.729999999999999
