,TMAX,TMIN,WMAX,RTOT
2012-09-24,23.44,3.94,5.7870545184921145,5.869999999999999
