,TMAX,TMIN,WMAX,RTOT
2012-05-11,29.64,9.64,7.368174807915458,38.53000000000001
