,TMAX,TMIN,WMAX,RTOT
2012-07-15,34.64,15.14,3.88329756778952,7.329999999999999
