,TMAX,TMIN,WMAX,RTOT
2012-10-24 12:00:00,22.64,8.14,8.372574275573792,1.8900000000000001
