,TMAX,TMIN,WMAX,RTOT
2012-08-07,30.44,14.44,4.4821869662029945,4.1099999999999985
