,TMAX,TMIN,WMAX,RTOT
2012-04-18,20.64,0.74,9.730878685915265,97.20000000000002
