,TMAX,TMIN,WMAX,RTOT
2012-07-06,32.34,20.54,5.059644256269407,20.299999999999997
