,TMAX,TMIN,WMAX,RTOT
2012-06-05,30.04,7.44,7.826237921249264,14.240000000000004
