,TMAX,TMIN,WMAX,RTOT
2012-02-15 12:00:00,6.54,0.24,6.2008063991709985,5.659999999999999
