,TMAX,TMIN,WMAX,RTOT
2012-12-18,7.04,-3.16,6.618912297349165,15.599999999999998
