,TMAX,TMIN,WMAX,RTOT
2012-08-07 12:00:00,27.14,19.04,2.9154759474226504,3.9999999999999996
