,TMAX,TMIN,WMAX,RTOT
2012-09-09,28.54,12.34,5.941380311005179,55.58999999999998
