,TMAX,TMIN,WMAX,RTOT
2012-11-18,17.54,-1.36,10.248902380255165,14.559999999999999
