,TMAX,TMIN,WMAX,RTOT
2013-01-08,1.24,-9.96,7.472616676907762,6.059999999999997
