,TMAX,TMIN,WMAX,RTOT
2012-07-18,29.64,15.84,3.534119409414459,18.259999999999994
