,TMAX,TMIN,WMAX,RTOT
2012-06-04,30.64,7.94,6.754257916307312,16.029999999999998
