,TMAX,TMIN,WMAX,RTOT
2012-03-19,23.24,3.54,9.04267659490264,23.070000000000004
