,TMAX,TMIN,WMAX,RTOT
2012-05-06,27.54,7.74,8.139410298049853,57.45000000000001
