,TMAX,TMIN,WMAX,RTOT
2012-02-12,6.84,-6.46,8.507055894961546,2.349999999999999
