,TMAX,TMIN,WMAX,RTOT
2012-12-26,11.84,-6.56,17.13534359153618,12.679999999999998
