,TMAX,TMIN,WMAX,RTOT
2012-07-17 12:00:00,30.04,22.44,3.5510561809129406,3.6199999999999997
