,TMAX,TMIN,WMAX,RTOT
2012-07-22,30.14,15.74,3.981205847478877,10.329999999999998
