,TMAX,TMIN,WMAX,RTOT
2012-04-24,22.84,0.34,9.362157870918434,13.440000000000001
