,TMAX,TMIN,WMAX,RTOT
2012-08-11,27.84,10.84,5.531726674375733,30.410000000000004
