,TMAX,TMIN,WMAX,RTOT
2012-10-13 12:00:00,22.74,9.04,11.067971810589327,10.079999999999998
