,TMAX,TMIN,WMAX,RTOT
2012-07-25,30.74,16.94,3.67967389859482,23.260000000000005
