,TMAX,TMIN,WMAX,RTOT
2012-07-31,31.24,16.84,5.277309920783504,42.13999999999999
