,TMAX,TMIN,WMAX,RTOT
2012-02-06,11.84,-3.16,10.198039027185569,2.1599999999999993
