,TMAX,TMIN,WMAX,RTOT
2012-11-10 12:00:00,13.34,9.54,10.248902380255165,11.719999999999999
