,TMAX,TMIN,WMAX,RTOT
2012-03-17,21.04,-0.96,7.992496481075234,21.43000000000001
