,TMAX,TMIN,WMAX,RTOT
2012-06-10 12:00:00,27.74,17.54,4.172529209005013,6.319999999999999
