,TMAX,TMIN,WMAX,RTOT
2012-10-18,23.04,2.74,9.752948272189286,35.809999999999995
