,TMAX,TMIN,WMAX,RTOT
2012-08-12,29.94,7.14,5.048762224545735,9.299999999999999
