,TMAX,TMIN,WMAX,RTOT
2012-09-26,26.84,3.34,6.315853069855251,5.0200000000000005
