,TMAX,TMIN,WMAX,RTOT
2012-03-17 12:00:00,24.54,15.44,5.63648826841678,7.199999999999999
