,TMAX,TMIN,WMAX,RTOT
2013-03-21,9.64,-6.66,12.506398362438324,12.929999999999996
