,TMAX,TMIN,WMAX,RTOT
2013-10-19,23.94,4.04,5.885575587824865,5.2799999999999985
