,TMAX,TMIN,WMAX,RTOT
2013-06-02,27.74,9.64,7.299315036357863,31.780000000000015
