,TMAX,TMIN,WMAX,RTOT
2013-10-02,27.24,9.74,4.522167621838006,17.849999999999998
