,TMAX,TMIN,WMAX,RTOT
2013-06-23 12:00:00,28.74,20.14,4.7169905660283025,8.959999999999999
