,TMAX,TMIN,WMAX,RTOT
2013-07-15,29.24,10.84,4.98196748283246,22.86000000000001
