,TMAX,TMIN,WMAX,RTOT
2013-10-13,25.54,6.14,6.987131027825369,11.499999999999996
