,TMAX,TMIN,WMAX,RTOT
2013-03-01,6.04,-7.46,9.139474820797965,17.090000000000003
