,TMAX,TMIN,WMAX,RTOT
2013-06-20,30.64,12.54,7.150524456289902,22.939999999999998
