,TMAX,TMIN,WMAX,RTOT
2013-02-12,8.84,-8.76,7.302739212103908,12.529999999999998
