,TMAX,TMIN,WMAX,RTOT
2013-08-04 12:00:00,25.24,13.74,4.1012193308819755,0.8200000000000001
