,TMAX,TMIN,WMAX,RTOT
2013-01-11,2.54,-11.46,8.829496021857645,19.959999999999997
