,TMAX,TMIN,WMAX,RTOT
2013-06-12 12:00:00,23.64,14.14,5.903388857258177,0.8200000000000001
