,TMAX,TMIN,WMAX,RTOT
2013-04-19,19.24,0.74,10.117806086301515,29.770000000000003
