,TMAX,TMIN,WMAX,RTOT
2013-02-15,8.54,-2.96,10.689246933250255,7.9799999999999995
