,TMAX,TMIN,WMAX,RTOT
2013-03-04,2.14,-10.76,9.708243919473798,33.730000000000004
