,TMAX,TMIN,WMAX,RTOT
2013-07-03 12:00:00,26.04,13.84,2.0248456731316584,0.060000000000000005
