,TMAX,TMIN,WMAX,RTOT
2013-03-17 12:00:00,7.24,-1.36,7.217340230306453,1.1800000000000002
