,TMAX,TMIN,WMAX,RTOT
2013-10-28,16.94,-1.56,8.450443775329198,7.569999999999999
