,TMAX,TMIN,WMAX,RTOT
2013-01-27,9.74,-13.96,10.123734488813898,13.289999999999997
