,TMAX,TMIN,WMAX,RTOT
2013-03-10 12:00:00,7.94,-1.66,7.723341245859852,2.0399999999999996
