,TMAX,TMIN,WMAX,RTOT
2013-12-16,1.84,-10.36,8.40119039184329,7.080000000000002
