,TMAX,TMIN,WMAX,RTOT
2013-01-05 12:00:00,-1.86,-9.26,7.224956747275377,0.29000000000000004
