,TMAX,TMIN,WMAX,RTOT
2013-04-23,21.64,0.24,10.165136496870076,73.04000000000002
