,TMAX,TMIN,WMAX,RTOT
2013-05-29,26.94,3.14,7.409453421137082,52.97000000000001
