,TMAX,TMIN,WMAX,RTOT
2014-01-07,0.04,-16.06,8.475848040166836,3.9300000000000006
