,TMAX,TMIN,WMAX,RTOT
2013-12-03,6.64,-6.66,7.392563831310487,3.8999999999999995
