,TMAX,TMIN,WMAX,RTOT
2013-08-03,27.34,5.94,5.10881590977792,14.479999999999997
