,TMAX,TMIN,WMAX,RTOT
2013-11-29,10.14,-7.46,7.615773105863909,12.540000000000001
