,TMAX,TMIN,WMAX,RTOT
2013-05-05 12:00:00,19.44,10.34,5.232590180780452,1.5199999999999998
