,TMAX,TMIN,WMAX,RTOT
2013-09-27,32.04,7.44,5.67978872846517,16.610000000000003
