,TMAX,TMIN,WMAX,RTOT
2013-03-31 12:00:00,5.14,-0.76,5.4561891462814955,0.42000000000000004
