,TMAX,TMIN,WMAX,RTOT
2013-04-08,14.64,-1.66,8.688498144098322,1.3800000000000001
