,TMAX,TMIN,WMAX,RTOT
2013-01-16,12.24,-3.76,7.624303246854758,41.85000000000001
