,TMAX,TMIN,WMAX,RTOT
2013-05-30,27.34,3.24,6.706713054842886,12.859999999999996
