,TMAX,TMIN,WMAX,RTOT
2013-06-27,31.04,17.34,6.107372593840989,1.2300000000000002
