,TMAX,TMIN,WMAX,RTOT
2013-11-06,18.34,0.94,8.438009243891594,25.549999999999997
