,TMAX,TMIN,WMAX,RTOT
2013-01-10,2.04,-11.06,6.830812543175226,1.6600000000000001
