,TMAX,TMIN,WMAX,RTOT
2013-04-13,17.84,0.84,10.080674580602233,33.199999999999996
