,TMAX,TMIN,WMAX,RTOT
2013-04-17 12:00:00,21.64,7.94,8.805679985100525,48.36999999999999
