,TMAX,TMIN,WMAX,RTOT
2013-10-15,24.74,5.94,5.604462507680822,18.669999999999998
