,TMAX,TMIN,WMAX,RTOT
2013-04-11,20.44,-1.06,9.945853407325085,55.68000000000001
