,TMAX,TMIN,WMAX,RTOT
2014-01-06,2.74,-14.76,9.32630687893123,20.280000000000005
