,TMAX,TMIN,WMAX,RTOT
2013-12-07 12:00:00,-3.16,-9.56,5.61426753904728,1.0999999999999999
