,TMAX,TMIN,WMAX,RTOT
2013-08-09,26.74,12.94,5.015974481593781,23.509999999999998
