,TMAX,TMIN,WMAX,RTOT
2013-11-16,13.84,-4.36,7.824321056807421,1.3900000000000001
