,TMAX,TMIN,WMAX,RTOT
2013-07-20,31.24,14.84,4.440720662234904,8.219999999999999
