,TMAX,TMIN,WMAX,RTOT
2013-06-26,31.24,14.74,5.594640292279746,2.8400000000000003
