,TMAX,TMIN,WMAX,RTOT
2013-09-07,34.04,9.94,4.924428900898052,12.729999999999999
