,TMAX,TMIN,WMAX,RTOT
2013-07-08,28.04,12.94,5.993329625508679,13.949999999999998
