,TMAX,TMIN,WMAX,RTOT
2013-11-28,8.94,-8.06,8.2365041127896,16.080000000000005
