,TMAX,TMIN,WMAX,RTOT
2013-05-23,27.94,15.64,7.495331880577404,47.92000000000001
