,TMAX,TMIN,WMAX,RTOT
2013-07-21,32.14,17.24,3.3541019662496843,12.229999999999999
