,TMAX,TMIN,WMAX,RTOT
2013-12-28,12.64,-13.16,7.988116173416608,32.370000000000005
