,TMAX,TMIN,WMAX,RTOT
2013-01-26 12:00:00,6.24,-4.16,7.117583859709698,6.4799999999999995
