,TMAX,TMIN,WMAX,RTOT
2013-05-24,29.04,16.54,6.673080248281149,35.580000000000005
