,TMAX,TMIN,WMAX,RTOT
2013-02-27,6.84,-11.06,10.358088626768938,12.729999999999997
