,TMAX,TMIN,WMAX,RTOT
2013-09-04,36.24,12.44,4.924428900898052,20.549999999999997
