,TMAX,TMIN,WMAX,RTOT
2013-07-27 12:00:00,20.24,8.34,5.300943312279429,0.5700000000000001
