,TMAX,TMIN,WMAX,RTOT
2013-07-19,30.54,11.94,3.2202484376209237,15.700000000000001
