,TMAX,TMIN,WMAX,RTOT
2013-02-21,7.24,-9.16,8.905054744357274,13.459999999999999
