,TMAX,TMIN,WMAX,RTOT
2013-01-31,16.14,-11.76,9.425497334358543,25.799999999999994
