,TMAX,TMIN,WMAX,RTOT
2013-03-26,6.04,-7.46,8.658521813797087,30.349999999999998
