,TMAX,TMIN,WMAX,RTOT
2013-11-21,18.94,-8.56,9.527329111561121,11.579999999999998
