,TMAX,TMIN,WMAX,RTOT
2013-10-05 12:00:00,16.64,7.34,6.224146527838174,0.5700000000000001
