,TMAX,TMIN,WMAX,RTOT
2013-12-13 12:00:00,0.04,-4.46,5.544366510251645,5.679999999999999
