,TMAX,TMIN,WMAX,RTOT
2013-07-12 12:00:00,25.54,14.84,3.82099463490856,0.43999999999999995
