,TMAX,TMIN,WMAX,RTOT
2013-02-02,17.44,-13.96,11.706835610018619,36.559999999999995
