,TMAX,TMIN,WMAX,RTOT
2013-07-02,29.84,14.74,6.673080248281149,44.24000000000001
