,TMAX,TMIN,WMAX,RTOT
2013-11-23,19.14,-1.06,11.405700329221348,31.590000000000003
