,TMAX,TMIN,WMAX,RTOT
2013-02-21 12:00:00,1.94,-4.06,6.62872536767062,10.380000000000003
