,TMAX,TMIN,WMAX,RTOT
2013-07-29,27.44,9.04,4.8373546489791295,20.269999999999992
