,TMAX,TMIN,WMAX,RTOT
2013-01-04 12:00:00,-0.16,-7.46,6.243396511515186,0.27999999999999997
