,TMAX,TMIN,WMAX,RTOT
2013-03-11,14.14,-7.36,8.595929269136642,25.509999999999998
