,TMAX,TMIN,WMAX,RTOT
2013-03-24 12:00:00,0.24,-2.06,7.783315488916019,4.839999999999999
