,TMAX,TMIN,WMAX,RTOT
2013-04-01,12.74,-4.96,9.7082439194738,35.71000000000001
