,TMAX,TMIN,WMAX,RTOT
2013-02-16,9.24,-7.86,10.51189802081432,15.110000000000001
