,TMAX,TMIN,WMAX,RTOT
2013-06-03,27.94,10.34,8.653900854527974,42.870000000000005
