,TMAX,TMIN,WMAX,RTOT
2013-12-20,-0.16,-16.46,7.700649323271382,11.319999999999999
