,TMAX,TMIN,WMAX,RTOT
2013-07-25,31.04,16.74,4.788527957525152,31.360000000000003
