,TMAX,TMIN,WMAX,RTOT
2013-06-14,25.24,10.44,6.040695324215583,31.419999999999995
