,TMAX,TMIN,WMAX,RTOT
2013-01-23,6.44,-14.66,9.192388155425117,0.43000000000000005
