,TMAX,TMIN,WMAX,RTOT
2013-09-07 12:00:00,30.04,18.74,3.4014702703389896,2.6500000000000004
