,TMAX,TMIN,WMAX,RTOT
2013-03-18,14.44,-3.26,8.415461959987699,17.289999999999996
