,TMAX,TMIN,WMAX,RTOT
2013-03-05 12:00:00,0.54,-4.26,8.21522975941635,0.7900000000000001
