,TMAX,TMIN,WMAX,RTOT
2013-02-24,6.54,-9.76,11.594826432508595,23.219999999999995
