,TMAX,TMIN,WMAX,RTOT
2013-02-26 12:00:00,0.94,-0.76,6.432728814430155,4.1899999999999995
