,TMAX,TMIN,WMAX,RTOT
2013-11-10,14.94,0.74,8.315046602394963,24.810000000000002
