,TMAX,TMIN,WMAX,RTOT
2013-11-30,6.54,-9.16,7.523961722390672,0.24000000000000002
