,TMAX,TMIN,WMAX,RTOT
2013-05-04 12:00:00,16.84,11.34,5.946427498927402,1.2600000000000002
