,TMAX,TMIN,WMAX,RTOT
2013-10-04,28.34,9.54,5.630275304103699,14.559999999999997
