,TMAX,TMIN,WMAX,RTOT
2013-05-30 12:00:00,24.24,19.54,6.806614430096654,17.700000000000003
