,TMAX,TMIN,WMAX,RTOT
2013-10-23 12:00:00,5.64,-0.16,5.869412236331676,0.18000000000000002
