,TMAX,TMIN,WMAX,RTOT
2013-06-04,27.64,6.54,8.430895563343197,80.77000000000001
