,TMAX,TMIN,WMAX,RTOT
2013-03-02,6.54,-4.96,9.1087869664407,20.230000000000008
