,TMAX,TMIN,WMAX,RTOT
2013-04-29,17.94,1.14,7.542545989253231,42.12000000000002
