,TMAX,TMIN,WMAX,RTOT
2013-11-24,20.04,-0.76,11.412712210513327,50.410000000000004
