,TMAX,TMIN,WMAX,RTOT
2013-05-02 12:00:00,19.54,14.24,5.57584074378026,13.469999999999999
