,TMAX,TMIN,WMAX,RTOT
2013-06-11,25.34,9.24,5.522680508593631,14.969999999999999
