,TMAX,TMIN,WMAX,RTOT
2013-08-18,29.04,9.74,5.239274758971894,8.159999999999998
