,TMAX,TMIN,WMAX,RTOT
2013-05-13,24.84,3.04,9.277930803794561,35.30000000000001
