,TMAX,TMIN,WMAX,RTOT
2013-05-03 12:00:00,14.94,11.64,6.45600495662759,9.849999999999998
