,TMAX,TMIN,WMAX,RTOT
2013-09-09,32.14,9.24,4.6097722286464435,0.24000000000000002
