,TMAX,TMIN,WMAX,RTOT
2013-02-20,7.24,-6.36,9.702061636580135,12.479999999999997
