,TMAX,TMIN,WMAX,RTOT
2013-04-26,19.44,-0.26,8.98443097808648,67.51000000000002
