,TMAX,TMIN,WMAX,RTOT
2013-12-22,8.74,-11.56,8.319855767980597,16.709999999999997
