,TMAX,TMIN,WMAX,RTOT
2013-09-13,34.74,15.84,4.841487374764082,7.4300000000000015
