,TMAX,TMIN,WMAX,RTOT
2013-10-05,28.34,8.84,7.130918594402829,23.340000000000003
