,TMAX,TMIN,WMAX,RTOT
2013-11-08,19.24,1.04,8.367795408588812,45.65999999999999
