,TMAX,TMIN,WMAX,RTOT
2013-10-10,28.44,8.04,6.612866246946176,28.370000000000005
