,TMAX,TMIN,WMAX,RTOT
2013-06-19,30.64,12.44,6.505382386916237,21.419999999999995
