,TMAX,TMIN,WMAX,RTOT
2013-04-15 12:00:00,11.84,7.64,5.032891812864648,1.5399999999999998
