,TMAX,TMIN,WMAX,RTOT
2013-02-25,7.94,-10.66,10.331021246711286,17.299999999999994
