,TMAX,TMIN,WMAX,RTOT
2013-03-12,15.54,-5.46,9.404786015641184,44.88000000000002
