,TMAX,TMIN,WMAX,RTOT
2013-07-03,29.94,14.54,5.672741841473134,30.940000000000005
