,TMAX,TMIN,WMAX,RTOT
2013-09-19,33.44,5.54,4.924428900898052,7.430000000000001
