,TMAX,TMIN,WMAX,RTOT
2013-01-27 12:00:00,13.54,6.24,8.143709228600933,8.299999999999999
