,TMAX,TMIN,WMAX,RTOT
2013-08-19,28.34,10.14,5.142956348249516,0.5700000000000001
