,TMAX,TMIN,WMAX,RTOT
2013-06-07,26.34,9.04,8.700574693662482,56.890000000000015
