,TMAX,TMIN,WMAX,RTOT
2013-11-04 12:00:00,12.84,7.54,7.170076708097341,2.0999999999999996
