,TMAX,TMIN,WMAX,RTOT
2014-01-04,6.64,-12.26,8.256512580987206,1.2700000000000002
