,TMAX,TMIN,WMAX,RTOT
2013-05-31,27.94,3.74,7.280109889280518,15.430000000000001
