,TMAX,TMIN,WMAX,RTOT
2013-06-14 12:00:00,27.14,16.04,4.860041152089146,7.470000000000001
