,TMAX,TMIN,WMAX,RTOT
2013-03-25,7.24,-7.36,9.656603957913983,2.3700000000000006
