,TMAX,TMIN,WMAX,RTOT
2013-08-11,27.44,12.74,6.4621977685614045,16.810000000000002
