,TMAX,TMIN,WMAX,RTOT
2013-07-27,30.24,12.74,4.6097722286464435,45.36999999999999
