,TMAX,TMIN,WMAX,RTOT
2013-07-13,30.64,14.74,4.964876634922565,35.660000000000004
