,TMAX,TMIN,WMAX,RTOT
2013-05-14,24.34,4.54,6.957010852370434,26.599999999999998
