,TMAX,TMIN,WMAX,RTOT
2013-02-19,6.14,-6.46,11.076551810017412,0.6599999999999999
