,TMAX,TMIN,WMAX,RTOT
2013-07-04,29.14,10.74,5.491812087098392,22.449999999999996
