,TMAX,TMIN,WMAX,RTOT
2013-08-03 12:00:00,24.14,13.44,2.5079872407968904,0.06999999999999999
