,TMAX,TMIN,WMAX,RTOT
2013-03-20,10.04,-3.46,8.928605714219886,10.569999999999999
