,TMAX,TMIN,WMAX,RTOT
2013-06-25 12:00:00,27.94,21.84,5.240229002629561,9.469999999999999
