,TMAX,TMIN,WMAX,RTOT
2013-02-01,16.24,-11.36,9.57078889120432,22.150000000000002
