,TMAX,TMIN,WMAX,RTOT
2013-07-18,30.84,12.84,4.17612260356422,7.0699999999999985
