,TMAX,TMIN,WMAX,RTOT
2013-08-06,29.84,14.14,4.404543109109048,13.919999999999998
