,TMAX,TMIN,WMAX,RTOT
2013-02-28,5.84,-12.46,8.100617260431454,17.950000000000003
