,TMAX,TMIN,WMAX,RTOT
2013-06-08,26.64,9.34,6.811754546370561,94.97000000000003
