,TMAX,TMIN,WMAX,RTOT
2014-01-08,0.44,-22.66,9.118113840043893,8.069999999999999
