,TMAX,TMIN,WMAX,RTOT
2013-03-29,7.34,-7.26,9.873702446397704,24.610000000000007
