,TMAX,TMIN,WMAX,RTOT
2013-04-25,21.64,0.24,9.291393867445292,157.16000000000003
