,TMAX,TMIN,WMAX,RTOT
2013-08-20,27.14,8.54,4.414748010928823,7.390000000000001
