,TMAX,TMIN,WMAX,RTOT
2013-04-10,17.14,-1.86,9.2655275079188,12.350000000000001
