,TMAX,TMIN,WMAX,RTOT
2013-05-22,27.74,12.74,6.753517601961218,59.88000000000001
