,TMAX,TMIN,WMAX,RTOT
2013-09-30,28.74,7.34,5.323532661682466,13.749999999999998
