,TMAX,TMIN,WMAX,RTOT
2013-07-01,31.04,18.54,6.198386886924694,24.389999999999993
