,TMAX,TMIN,WMAX,RTOT
2013-05-31 12:00:00,24.54,15.74,6.811754546370561,26.549999999999997
