,TMAX,TMIN,WMAX,RTOT
2013-06-12,27.14,12.34,7.262231062146123,29.449999999999992
