,TMAX,TMIN,WMAX,RTOT
2013-02-07 12:00:00,2.44,-2.66,7.299315036357863,0.16999999999999998
