,TMAX,TMIN,WMAX,RTOT
2013-09-24,30.74,8.94,5.608029957123981,17.220000000000002
