,TMAX,TMIN,WMAX,RTOT
2013-04-05,14.54,-4.36,8.728115489611719,14.589999999999998
