,TMAX,TMIN,WMAX,RTOT
2013-05-06 12:00:00,22.24,12.44,2.6419689627245813,0.7000000000000001
