,TMAX,TMIN,WMAX,RTOT
2013-07-17,30.14,12.34,4.94064773081425,4.869999999999999
