,TMAX,TMIN,WMAX,RTOT
2013-08-04,27.44,8.34,5.907622195096772,34.78000000000001
