,TMAX,TMIN,WMAX,RTOT
2013-03-08 12:00:00,7.04,-0.66,6.57419196555744,3.7199999999999998
