,TMAX,TMIN,WMAX,RTOT
2013-10-30 12:00:00,19.34,8.14,8.572630868059116,33.46999999999999
