,TMAX,TMIN,WMAX,RTOT
2013-06-30,32.44,16.54,6.166036003787198,23.929999999999996
