,TMAX,TMIN,WMAX,RTOT
2013-06-11 12:00:00,30.64,20.64,6.505382386916237,3.1999999999999997
