,TMAX,TMIN,WMAX,RTOT
2013-05-20 12:00:00,25.84,19.34,5.5072679252057455,31.000000000000007
