,TMAX,TMIN,WMAX,RTOT
2013-02-08,3.64,-14.66,9.794386147176352,9.829999999999998
