,TMAX,TMIN,WMAX,RTOT
2013-10-04 12:00:00,24.54,18.54,4.709564735726647,7.039999999999999
