,TMAX,TMIN,WMAX,RTOT
2013-11-01,17.04,-1.66,10.58158778255891,31.730000000000004
