,TMAX,TMIN,WMAX,RTOT
2013-06-05,27.44,12.04,8.472307831990053,82.00999999999998
