,TMAX,TMIN,WMAX,RTOT
2013-03-26 12:00:00,6.04,-2.26,3.6249137920783716,0.060000000000000005
