,TMAX,TMIN,WMAX,RTOT
2013-04-11 12:00:00,6.84,2.34,7.130918594402829,0.42000000000000004
