,TMAX,TMIN,WMAX,RTOT
2013-01-22,4.84,-13.06,9.219544457292887,0.21000000000000002
