,TMAX,TMIN,WMAX,RTOT
2013-08-05,27.74,8.04,5.303772242470448,11.739999999999998
