,TMAX,TMIN,WMAX,RTOT
2013-07-29 12:00:00,24.34,15.54,3.3060550509633075,1.1900000000000002
