,TMAX,TMIN,WMAX,RTOT
2013-03-31,10.34,-2.26,8.778382538941898,10.200000000000001
