,TMAX,TMIN,WMAX,RTOT
2013-12-18,0.54,-18.16,9.211405973031479,7.689999999999999
