,TMAX,TMIN,WMAX,RTOT
2013-12-03 12:00:00,14.74,7.94,7.302739212103908,0.8200000000000001
