,TMAX,TMIN,WMAX,RTOT
2013-12-25,7.54,-11.46,8.3168503653727,37.529999999999994
