,TMAX,TMIN,WMAX,RTOT
2013-08-30,34.64,15.94,5.5901699437494745,3.8599999999999994
