,TMAX,TMIN,WMAX,RTOT
2013-12-12,15.04,-14.66,8.868483523128406,8.420000000000002
