,TMAX,TMIN,WMAX,RTOT
2013-09-21,31.54,6.44,5.047771785649585,25.860000000000003
