,TMAX,TMIN,WMAX,RTOT
2013-09-14,33.94,11.44,4.901020301937139,11.500000000000002
