,TMAX,TMIN,WMAX,RTOT
2013-03-13,13.94,-4.26,9.095603333479314,28.830000000000005
