,TMAX,TMIN,WMAX,RTOT
2013-04-04,11.94,-4.36,6.664082832618454,14.299999999999999
