,TMAX,TMIN,WMAX,RTOT
2013-07-09,30.44,13.94,6.177378084592201,11.459999999999996
