,TMAX,TMIN,WMAX,RTOT
2013-02-06,15.74,-16.06,12.264175471673585,48.61999999999998
