,TMAX,TMIN,WMAX,RTOT
2013-08-31,35.14,16.14,4.6690470119715,4.539999999999999
