,TMAX,TMIN,WMAX,RTOT
2014-01-02,5.04,-11.06,7.302739212103908,0.6200000000000001
