,TMAX,TMIN,WMAX,RTOT
2013-02-23,8.14,-7.16,10.176934705499491,29.830000000000002
