,TMAX,TMIN,WMAX,RTOT
2013-05-26,28.94,9.54,7.0802542327235685,12.299999999999999
