,TMAX,TMIN,WMAX,RTOT
2013-04-18,24.54,1.04,9.67987603226405,73.63000000000004
