,TMAX,TMIN,WMAX,RTOT
2013-02-14,9.24,-4.96,9.662815324738437,17.459999999999997
