,TMAX,TMIN,WMAX,RTOT
2013-08-10,27.34,13.44,5.166236541235795,66.93000000000002
