,TMAX,TMIN,WMAX,RTOT
2013-11-12,13.44,-1.06,8.357032966310472,30.149999999999995
