,TMAX,TMIN,WMAX,RTOT
2013-12-30,5.24,-14.76,8.807383266328314,2.3799999999999994
