,TMAX,TMIN,WMAX,RTOT
2013-03-06,2.24,-6.56,8.542247947700886,38.29000000000001
