,TMAX,TMIN,WMAX,RTOT
2013-06-25,30.54,12.64,4.652956049652737,6.379999999999999
