,TMAX,TMIN,WMAX,RTOT
2013-04-22 12:00:00,14.44,4.84,8.386894538504702,21.440000000000005
