,TMAX,TMIN,WMAX,RTOT
2013-11-19,11.84,-5.66,9.730878685915265,5.589999999999999
