,TMAX,TMIN,WMAX,RTOT
2013-02-05,15.84,-13.66,11.83427226321923,36.900000000000006
