,TMAX,TMIN,WMAX,RTOT
2013-12-21,6.84,-10.16,10.438869670610895,16.239999999999995
