,TMAX,TMIN,WMAX,RTOT
2013-02-03,15.54,-15.56,9.818350166906862,59.39000000000001
