,TMAX,TMIN,WMAX,RTOT
2013-03-17,13.84,-3.76,7.769813382572325,20.700000000000006
