,TMAX,TMIN,WMAX,RTOT
2013-01-13,11.84,-9.26,8.161494961096281,20.779999999999998
