,TMAX,TMIN,WMAX,RTOT
2013-06-29 12:00:00,22.44,13.24,6.236986451805071,2.6499999999999995
