,TMAX,TMIN,WMAX,RTOT
2013-02-07,7.84,-16.06,10.868762579061151,8.459999999999999
