,TMAX,TMIN,WMAX,RTOT
2013-09-06,33.44,8.24,4.560701700396552,9.649999999999999
