,TMAX,TMIN,WMAX,RTOT
2013-01-15,12.54,-7.46,8.434453153583819,44.48000000000002
