,TMAX,TMIN,WMAX,RTOT
2013-04-12,19.34,1.04,10.215674231297708,20.340000000000003
