,TMAX,TMIN,WMAX,RTOT
2013-05-25 12:00:00,14.64,10.24,3.862641583165593,11.620000000000001
