,TMAX,TMIN,WMAX,RTOT
2013-07-16,29.54,11.74,4.401136216933077,31.149999999999995
