,TMAX,TMIN,WMAX,RTOT
2013-01-29,2.74,-12.86,8.895504482602435,6.110000000000001
