,TMAX,TMIN,WMAX,RTOT
2013-04-22,20.94,0.34,8.158431221748456,123.61999999999998
