,TMAX,TMIN,WMAX,RTOT
2013-07-24,31.14,9.14,4.825971404805461,10.990000000000002
