,TMAX,TMIN,WMAX,RTOT
2013-05-01 12:00:00,23.84,14.44,2.7802877548915688,23.139999999999997
