,TMAX,TMIN,WMAX,RTOT
2013-08-06 12:00:00,29.24,20.74,2.778488797889961,3.7700000000000005
