,TMAX,TMIN,WMAX,RTOT
2013-04-19 12:00:00,8.44,0.14,3.82099463490856,0.07999999999999999
