,TMAX,TMIN,WMAX,RTOT
2013-12-04,10.14,-8.96,7.291776189653656,1.3700000000000003
