,TMAX,TMIN,WMAX,RTOT
2013-03-29 12:00:00,13.14,2.04,4.743416490252569,2.3899999999999997
