,TMAX,TMIN,WMAX,RTOT
2013-11-25,21.24,-7.86,13.784411485442533,18.439999999999998
