,TMAX,TMIN,WMAX,RTOT
2013-11-18,18.24,-5.36,8.188406438373708,16.949999999999996
