,TMAX,TMIN,WMAX,RTOT
2013-03-15 12:00:00,6.74,0.84,6.166036003787198,0.33000000000000007
