,TMAX,TMIN,WMAX,RTOT
2013-04-24,21.74,-0.26,11.354734695271395,99.16999999999999
