,TMAX,TMIN,WMAX,RTOT
2013-04-26 12:00:00,15.24,6.44,4.313930922024598,3.5700000000000003
