,TMAX,TMIN,WMAX,RTOT
2013-10-20,22.44,5.64,6.313477647065839,2.6799999999999997
