,TMAX,TMIN,WMAX,RTOT
2013-01-14,13.44,-10.06,8.049844718999244,35.18000000000001
