,TMAX,TMIN,WMAX,RTOT
2013-05-06,25.94,1.54,7.800640999302557,40.080000000000005
