,TMAX,TMIN,WMAX,RTOT
2013-03-24,7.14,-8.96,7.782030583337488,4.379999999999999
