,TMAX,TMIN,WMAX,RTOT
2013-02-02 12:00:00,-4.16,-6.56,8.653323061113573,0.44000000000000006
