,TMAX,TMIN,WMAX,RTOT
2013-07-11,30.14,13.84,5.412023651093923,30.730000000000004
