,TMAX,TMIN,WMAX,RTOT
2013-05-29 12:00:00,24.84,19.24,7.102112361825881,10.299999999999999
