,TMAX,TMIN,WMAX,RTOT
2013-03-16,13.74,-4.26,9.264987857520376,17.429999999999996
