,TMAX,TMIN,WMAX,RTOT
2013-06-08 12:00:00,25.34,16.24,4.49221548904324,3.3899999999999997
