,TMAX,TMIN,WMAX,RTOT
2013-04-14,21.44,-0.56,9.924716620639604,65.21000000000001
