,TMAX,TMIN,WMAX,RTOT
2013-10-29,16.94,-1.96,7.200694410957877,5.879999999999999
