,TMAX,TMIN,WMAX,RTOT
2013-04-30,24.14,1.74,8.386894538504702,43.36000000000002
