,TMAX,TMIN,WMAX,RTOT
2013-03-14,11.94,-3.96,8.590692637965812,92.57000000000002
