,TMAX,TMIN,WMAX,RTOT
2013-11-27,10.14,-8.56,9.492101980067428,23.370000000000005
