,TMAX,TMIN,WMAX,RTOT
2013-03-05,6.24,-5.56,9.10659101969557,26.880000000000006
