,TMAX,TMIN,WMAX,RTOT
2013-09-05,33.74,11.04,4.972926703662543,11.770000000000001
