,TMAX,TMIN,WMAX,RTOT
2013-07-14 12:00:00,29.54,21.44,3.228002478313795,0.31000000000000005
