,TMAX,TMIN,WMAX,RTOT
2013-05-26 12:00:00,24.04,13.84,4.738143096192854,22.080000000000002
