,TMAX,TMIN,WMAX,RTOT
2013-08-15,28.24,11.34,4.341658669218482,10.369999999999997
