,TMAX,TMIN,WMAX,RTOT
2013-12-27,11.34,-13.16,7.712976079309465,30.290000000000003
