,TMAX,TMIN,WMAX,RTOT
2013-02-13,11.24,-10.56,12.88914271780711,14.739999999999995
