,TMAX,TMIN,WMAX,RTOT
2013-12-11,14.74,-14.86,8.023091673413685,4.8999999999999995
