,TMAX,TMIN,WMAX,RTOT
2013-09-02,34.94,17.94,4.802082881417188,2.8899999999999997
