,TMAX,TMIN,WMAX,RTOT
2013-07-12,30.14,12.64,6.014149981501958,32.62999999999999
