,TMAX,TMIN,WMAX,RTOT
2013-03-11 12:00:00,4.04,-2.26,6.806614430096654,0.9400000000000001
