,TMAX,TMIN,WMAX,RTOT
2013-01-26,6.54,-13.36,9.859513172565876,3.9600000000000004
