,TMAX,TMIN,WMAX,RTOT
2013-11-04,18.74,0.64,7.705841939723395,31.94999999999999
