,TMAX,TMIN,WMAX,RTOT
2013-02-18 12:00:00,-1.36,-8.96,10.846658471621572,0.24000000000000002
