,TMAX,TMIN,WMAX,RTOT
2013-10-12,28.64,6.84,6.45600495662759,16.419999999999998
