,TMAX,TMIN,WMAX,RTOT
2013-11-26,9.74,-9.66,10.539449701004319,25.380000000000003
