,TMAX,TMIN,WMAX,RTOT
2013-05-21,27.54,6.14,8.15659242576212,51.48999999999998
