,TMAX,TMIN,WMAX,RTOT
2013-12-13,-0.86,-12.56,8.440379138403676,4.539999999999999
