,TMAX,TMIN,WMAX,RTOT
2013-09-11,33.84,10.04,4.356604182158393,13.879999999999999
