,TMAX,TMIN,WMAX,RTOT
2013-10-17,24.74,7.44,6.280127387243033,32.54999999999999
