,TMAX,TMIN,WMAX,RTOT
2014-01-01,5.74,-15.36,7.660939890117922,0.22999999999999998
