,TMAX,TMIN,WMAX,RTOT
2013-05-01,24.64,2.94,6.536818798161687,28.13999999999999
