,TMAX,TMIN,WMAX,RTOT
2013-04-07 12:00:00,17.24,13.54,7.306161783043132,5.750000000000001
