,TMAX,TMIN,WMAX,RTOT
2013-05-07,25.64,9.94,5.60357029044876,47.730000000000004
