,TMAX,TMIN,WMAX,RTOT
2013-12-18 12:00:00,7.04,1.84,7.267048919609665,1.1300000000000001
