,TMAX,TMIN,WMAX,RTOT
2013-10-27,17.04,-1.66,8.246211251235321,11.419999999999998
