,TMAX,TMIN,WMAX,RTOT
2013-12-01 12:00:00,7.74,1.94,4.318564576337836,1.5499999999999998
