,TMAX,TMIN,WMAX,RTOT
2013-04-20,21.24,-1.86,9.068627239003707,58.03999999999999
