,TMAX,TMIN,WMAX,RTOT
2013-03-30,7.84,-6.46,8.464632301523793,49.550000000000004
