,TMAX,TMIN,WMAX,RTOT
2013-04-21,22.64,1.64,8.505292469985967,116.15000000000002
