,TMAX,TMIN,WMAX,RTOT
2013-04-28,18.04,0.54,6.013318551349163,50.57000000000002
