,TMAX,TMIN,WMAX,RTOT
2013-07-06,28.14,11.14,5.437830449729009,22.22999999999999
