,TMAX,TMIN,WMAX,RTOT
2013-06-13,30.14,9.94,5.79827560572969,42.86000000000001
