,TMAX,TMIN,WMAX,RTOT
2013-07-22 12:00:00,27.64,13.64,4.535416188179427,0.16000000000000003
