,TMAX,TMIN,WMAX,RTOT
2013-12-09,11.74,-10.16,6.47765389628066,5.329999999999999
