,TMAX,TMIN,WMAX,RTOT
2013-10-07,28.64,5.64,8.221921916437786,19.279999999999998
