,TMAX,TMIN,WMAX,RTOT
2013-06-23,29.44,13.94,6.177378084592201,42.839999999999996
