,TMAX,TMIN,WMAX,RTOT
2013-08-12,28.64,13.74,4.201190307520001,30.450000000000003
