,TMAX,TMIN,WMAX,RTOT
2013-02-26,8.14,-11.86,11.10720486891279,27.900000000000002
