,TMAX,TMIN,WMAX,RTOT
2013-11-07,19.34,0.34,8.572630868059116,55.99999999999999
