,TMAX,TMIN,WMAX,RTOT
2013-01-12,3.64,-12.66,7.355270219373317,20.130000000000003
