,TMAX,TMIN,WMAX,RTOT
2015-01-03,8.64,-9.36,7.3824115301167,4.7299999999999995
