,TMAX,TMIN,WMAX,RTOT
2014-05-05,23.54,3.74,8.670063436907482,30.129999999999995
