,TMAX,TMIN,WMAX,RTOT
2014-01-28,0.44,-21.16,12.220065466273084,7.189999999999997
