,TMAX,TMIN,WMAX,RTOT
2014-01-23,2.74,-13.96,9.693812459502196,2.0899999999999994
