,TMAX,TMIN,WMAX,RTOT
2014-03-26,17.74,-5.96,11.139569111954017,5.090000000000001
