,TMAX,TMIN,WMAX,RTOT
2014-12-17,9.24,-2.66,7.513321502504734,7.7299999999999995
