,TMAX,TMIN,WMAX,RTOT
2014-09-17,27.74,5.84,7.62954782408499,18.239999999999995
