,TMAX,TMIN,WMAX,RTOT
2014-09-04 12:00:00,30.94,19.44,5.0931326312987375,6.8100000000000005
