,TMAX,TMIN,WMAX,RTOT
2014-09-19,22.24,6.24,4.903060268852505,1.1700000000000002
