,TMAX,TMIN,WMAX,RTOT
2014-04-07,20.34,-0.66,10.064790112068904,26.459999999999997
