,TMAX,TMIN,WMAX,RTOT
2014-11-11,15.14,-4.96,8.514693182963201,9.699999999999996
