,TMAX,TMIN,WMAX,RTOT
2014-07-14,29.94,13.14,5.323532661682466,31.470000000000002
