,TMAX,TMIN,WMAX,RTOT
2014-05-27,29.84,9.14,6.844705983459042,14.459999999999999
