,TMAX,TMIN,WMAX,RTOT
2014-01-09,0.74,-28.36,10.016985574512923,15.879999999999997
