,TMAX,TMIN,WMAX,RTOT
2014-03-16,14.24,-3.66,9.211405973031479,11.849999999999998
