,TMAX,TMIN,WMAX,RTOT
2014-11-01,23.54,5.34,7.930952023559341,3.2199999999999993
