,TMAX,TMIN,WMAX,RTOT
2014-07-15 12:00:00,21.64,11.04,3.176476034853718,0.42000000000000004
