,TMAX,TMIN,WMAX,RTOT
2014-06-22,30.64,11.94,6.700746227100382,33.24000000000001
