,TMAX,TMIN,WMAX,RTOT
2014-11-12,13.04,-4.16,9.873702446397704,11.049999999999999
