,TMAX,TMIN,WMAX,RTOT
2014-04-06,16.94,-0.86,8.657944328765344,21.820000000000004
