,TMAX,TMIN,WMAX,RTOT
2014-02-02,1.94,-23.36,11.574541027617467,15.399999999999999
