,TMAX,TMIN,WMAX,RTOT
2014-06-30 12:00:00,27.44,17.54,5.770615218501404,0.09000000000000001
