,TMAX,TMIN,WMAX,RTOT
2014-03-30,11.34,-6.46,8.273451516749223,11.979999999999997
