,TMAX,TMIN,WMAX,RTOT
2014-01-03 12:00:00,-0.56,-8.86,8.766413177577247,0.5900000000000001
