,TMAX,TMIN,WMAX,RTOT
2014-11-10,13.74,-2.56,8.700574693662482,9.260000000000002
