,TMAX,TMIN,WMAX,RTOT
2014-12-25,4.84,-3.46,11.511733144926527,7.879999999999998
