,TMAX,TMIN,WMAX,RTOT
2014-02-24 12:00:00,-3.86,-13.46,7.378346698278687,0.7100000000000001
