,TMAX,TMIN,WMAX,RTOT
2014-03-05,0.04,-18.86,9.417536832951598,34.050000000000004
