,TMAX,TMIN,WMAX,RTOT
2014-05-01 12:00:00,13.24,4.94,5.107837115648854,0.31000000000000005
