,TMAX,TMIN,WMAX,RTOT
2014-11-03 12:00:00,11.54,7.24,6.48459713474939,7.879999999999999
