,TMAX,TMIN,WMAX,RTOT
2014-11-03,23.54,-0.96,8.825531145489206,14.639999999999999
