,TMAX,TMIN,WMAX,RTOT
2014-10-26,18.14,3.54,5.408326913195984,0.5800000000000001
