,TMAX,TMIN,WMAX,RTOT
2014-03-25,16.64,-6.76,9.912618221237011,6.420000000000001
