,TMAX,TMIN,WMAX,RTOT
2014-09-13,30.54,7.44,5.0990195135927845,58.589999999999996
