,TMAX,TMIN,WMAX,RTOT
2014-11-20,1.34,-9.56,6.946221994724903,3.0899999999999994
