,TMAX,TMIN,WMAX,RTOT
2014-12-23,7.54,-2.36,9.035485598461214,7.769999999999999
