,TMAX,TMIN,WMAX,RTOT
2014-03-06,-1.06,-25.26,7.119691004531026,19.590000000000003
