,TMAX,TMIN,WMAX,RTOT
2014-01-30,2.74,-20.36,11.370136322841518,3.3800000000000003
