,TMAX,TMIN,WMAX,RTOT
2014-08-30,32.94,7.04,4.870318264754368,42.05000000000001
