,TMAX,TMIN,WMAX,RTOT
2014-02-13,-3.26,-19.76,7.500666637039671,4.319999999999999
