,TMAX,TMIN,WMAX,RTOT
2014-04-16,18.34,-0.86,8.572630868059116,40.56999999999999
