,TMAX,TMIN,WMAX,RTOT
2014-04-29 12:00:00,10.34,6.74,5.457105459856901,0.5800000000000001
