,TMAX,TMIN,WMAX,RTOT
2014-09-08 12:00:00,24.54,14.34,4.001249804748512,3.0999999999999996
