,TMAX,TMIN,WMAX,RTOT
2014-02-03,2.94,-19.66,12.941792766073794,3.6799999999999993
