,TMAX,TMIN,WMAX,RTOT
2014-04-25,24.64,3.94,8.7692645073575,15.069999999999999
