,TMAX,TMIN,WMAX,RTOT
2014-02-06,1.04,-16.16,13.157507362718823,17.370000000000005
