,TMAX,TMIN,WMAX,RTOT
2014-01-15,6.24,-21.86,12.376186811776881,23.890000000000004
