,TMAX,TMIN,WMAX,RTOT
2014-08-25 12:00:00,32.44,21.84,2.6476404589747453,7.329999999999999
