,TMAX,TMIN,WMAX,RTOT
2014-09-10,29.84,9.64,5.491812087098393,38.400000000000006
