,TMAX,TMIN,WMAX,RTOT
2014-02-13 12:00:00,-4.16,-9.76,6.092618484691126,4.6899999999999995
