,TMAX,TMIN,WMAX,RTOT
2014-08-28,34.64,18.94,4.596737973824482,17.980000000000004
