,TMAX,TMIN,WMAX,RTOT
2014-05-27 12:00:00,28.14,18.54,2.7073972741361767,12.579999999999998
