,TMAX,TMIN,WMAX,RTOT
2014-12-18,9.24,-2.46,6.606814663663572,6.409999999999999
