,TMAX,TMIN,WMAX,RTOT
2014-01-12,4.14,-27.76,10.607544484940895,27.310000000000002
