,TMAX,TMIN,WMAX,RTOT
2014-03-22,15.64,-6.16,10.420172743289816,0.20999999999999996
