,TMAX,TMIN,WMAX,RTOT
2014-05-23,29.04,2.94,6.862215385719105,9.979999999999997
