,TMAX,TMIN,WMAX,RTOT
2014-02-28,13.84,-13.06,11.412712210513327,10.009999999999996
