,TMAX,TMIN,WMAX,RTOT
2014-01-27,2.24,-18.36,10.44030650891055,2.0199999999999996
