,TMAX,TMIN,WMAX,RTOT
2014-06-09 12:00:00,24.04,16.54,5.063595560468865,29.220000000000002
