,TMAX,TMIN,WMAX,RTOT
2014-07-12,29.54,13.54,5.556977595779922,30.180000000000007
