,TMAX,TMIN,WMAX,RTOT
2014-06-12,27.24,10.24,6.7468511173731995,25.959999999999994
