,TMAX,TMIN,WMAX,RTOT
2014-08-04,28.34,8.74,6.928924880528003,14.020000000000001
