,TMAX,TMIN,WMAX,RTOT
2015-01-08,2.34,-14.86,9.596353474106714,16.939999999999998
