,TMAX,TMIN,WMAX,RTOT
2014-12-14,6.14,-3.26,7.021395872616783,0.7600000000000002
