,TMAX,TMIN,WMAX,RTOT
2014-07-21,28.44,8.24,4.9365980188789935,8.909999999999997
