,TMAX,TMIN,WMAX,RTOT
2014-06-20,29.54,10.14,6.806614430096654,19.149999999999995
