,TMAX,TMIN,WMAX,RTOT
2014-04-19,22.74,-0.86,9.464142856064674,30.330000000000002
