,TMAX,TMIN,WMAX,RTOT
2014-05-08,27.44,5.04,7.353910524340094,4.870000000000001
