,TMAX,TMIN,WMAX,RTOT
2014-07-03,31.34,16.24,6.082762530298219,7.800000000000002
