,TMAX,TMIN,WMAX,RTOT
2014-01-17,5.04,-8.26,12.742448744256341,19.439999999999998
