,TMAX,TMIN,WMAX,RTOT
2014-03-23 12:00:00,1.54,-4.76,2.692582403567252,0.41000000000000003
