,TMAX,TMIN,WMAX,RTOT
2014-06-23,30.54,15.44,6.81175454637056,58.10999999999999
