,TMAX,TMIN,WMAX,RTOT
2014-01-14,5.04,-24.06,9.042676594902641,20.830000000000002
