,TMAX,TMIN,WMAX,RTOT
2014-03-03,7.24,-18.26,7.582216034906946,6.970000000000001
