,TMAX,TMIN,WMAX,RTOT
2014-01-26,-0.26,-19.46,8.798295289429651,5.429999999999999
