,TMAX,TMIN,WMAX,RTOT
2014-05-25 12:00:00,28.04,17.54,4.763402145525822,6.6000000000000005
