,TMAX,TMIN,WMAX,RTOT
2014-04-28 12:00:00,19.84,11.04,8.603487664894976,6.970000000000001
