,TMAX,TMIN,WMAX,RTOT
2014-07-11,29.44,11.34,6.2289646009589745,27.400000000000002
