,TMAX,TMIN,WMAX,RTOT
2014-03-04,-2.66,-17.66,8.542833253669418,19.109999999999996
