,TMAX,TMIN,WMAX,RTOT
2014-04-30 12:00:00,10.44,5.04,6.896375859826667,0.37000000000000005
