,TMAX,TMIN,WMAX,RTOT
2014-09-08,31.74,8.54,7.057619995437555,21.009999999999998
