,TMAX,TMIN,WMAX,RTOT
2014-09-02,32.94,14.64,4.701063709417263,30.589999999999996
