,TMAX,TMIN,WMAX,RTOT
2014-05-22,28.24,5.14,6.708203932499369,36.03999999999999
