,TMAX,TMIN,WMAX,RTOT
2014-05-31,29.34,10.64,4.606517122512408,5.920000000000001
