,TMAX,TMIN,WMAX,RTOT
2014-02-09,1.34,-24.36,7.334848328356899,46.12999999999999
