,TMAX,TMIN,WMAX,RTOT
2014-11-21,2.84,-10.56,7.990619500389191,13.619999999999997
