,TMAX,TMIN,WMAX,RTOT
2014-12-26,6.54,-4.36,8.902246907382429,9.919999999999996
