,TMAX,TMIN,WMAX,RTOT
2014-02-19,6.64,-19.06,11.69144986731757,3.859999999999999
