,TMAX,TMIN,WMAX,RTOT
2014-03-23,17.64,-7.06,10.065783625729296,16.700000000000006
