,TMAX,TMIN,WMAX,RTOT
2014-05-07,27.24,4.24,8.352843827104634,3.5299999999999994
