,TMAX,TMIN,WMAX,RTOT
2014-03-27,16.94,-4.96,8.558621384311845,2.2299999999999995
