,TMAX,TMIN,WMAX,RTOT
2014-08-26,33.74,19.24,4.580392996239516,12.140000000000002
