,TMAX,TMIN,WMAX,RTOT
2014-10-27 12:00:00,16.94,8.64,7.102112361825881,8.139999999999999
