,TMAX,TMIN,WMAX,RTOT
2014-01-29,-2.46,-21.46,11.042191811411355,6.759999999999998
