,TMAX,TMIN,WMAX,RTOT
2014-10-21,22.44,7.14,8.602325267042627,26.44000000000001
