,TMAX,TMIN,WMAX,RTOT
2014-08-03,29.34,8.14,6.685057965343308,20.749999999999996
