,TMAX,TMIN,WMAX,RTOT
2014-11-09,13.94,-1.16,8.852683209061533,10.540000000000001
