,TMAX,TMIN,WMAX,RTOT
2014-09-12,30.94,10.04,5.197114584074513,20.840000000000007
