,TMAX,TMIN,WMAX,RTOT
2014-02-08,3.94,-21.06,8.87693640846886,27.43000000000001
