,TMAX,TMIN,WMAX,RTOT
2014-06-25,31.04,18.84,6.545991139621258,37.480000000000004
