,TMAX,TMIN,WMAX,RTOT
2014-08-26 12:00:00,30.44,20.64,2.80178514522438,8.309999999999999
