,TMAX,TMIN,WMAX,RTOT
2014-11-14,11.44,-4.86,9.323625904121208,8.500000000000002
