,TMAX,TMIN,WMAX,RTOT
2014-10-14 12:00:00,11.54,9.24,4.882622246293481,1.9500000000000002
