,TMAX,TMIN,WMAX,RTOT
2014-11-25 12:00:00,2.94,-3.26,3.6235341863986874,0.36000000000000004
