,TMAX,TMIN,WMAX,RTOT
2014-07-28,30.74,11.14,5.82494635168428,18.569999999999997
