,TMAX,TMIN,WMAX,RTOT
2014-08-16,28.64,9.54,4.6872166581031856,7.899999999999999
