,TMAX,TMIN,WMAX,RTOT
2014-02-14,-0.16,-17.86,5.663920903402518,5.299999999999999
