,TMAX,TMIN,WMAX,RTOT
2014-06-11,28.34,9.84,5.315072906367325,69.19000000000001
