,TMAX,TMIN,WMAX,RTOT
2014-05-01,22.54,0.04,8.947066558375433,25.419999999999995
