,TMAX,TMIN,WMAX,RTOT
2014-07-20,30.64,9.04,5.024937810560445,24.670000000000005
