,TMAX,TMIN,WMAX,RTOT
2014-06-05,29.24,15.44,6.2801273872430325,36.30000000000001
