,TMAX,TMIN,WMAX,RTOT
2014-11-04,22.84,-1.36,8.558621384311845,14.109999999999996
