,TMAX,TMIN,WMAX,RTOT
2014-12-16,11.34,-2.56,5.946427498927402,3.8999999999999986
