,TMAX,TMIN,WMAX,RTOT
2014-11-22,2.74,-10.26,9.12633551870629,6.2799999999999985
