,TMAX,TMIN,WMAX,RTOT
2014-07-08,30.34,10.84,5.770615218501404,0.8900000000000001
