,TMAX,TMIN,WMAX,RTOT
2014-08-07,29.44,8.24,3.905124837953327,7.669999999999999
