,TMAX,TMIN,WMAX,RTOT
2014-01-17 12:00:00,-3.16,-12.96,7.653757247260981,3.5599999999999996
