,TMAX,TMIN,WMAX,RTOT
2014-09-05,30.24,16.34,6.736467917239716,85.69000000000001
