,TMAX,TMIN,WMAX,RTOT
2014-09-07,31.44,15.04,6.1400325732035,36.600000000000016
