,TMAX,TMIN,WMAX,RTOT
2014-06-08,28.64,13.74,6.586349520030045,64.96999999999998
