,TMAX,TMIN,WMAX,RTOT
2014-10-10,25.54,2.44,8.34326075344646,28.840000000000007
