,TMAX,TMIN,WMAX,RTOT
2014-08-09 12:00:00,27.14,17.84,2.8653097563788803,2.3999999999999995
