,TMAX,TMIN,WMAX,RTOT
2014-04-06 12:00:00,7.24,4.74,6.93541635375988,9.580000000000002
