,TMAX,TMIN,WMAX,RTOT
2014-06-27,29.94,10.94,5.508175741568165,24.820000000000004
