,TMAX,TMIN,WMAX,RTOT
2014-08-10 12:00:00,27.44,18.64,3.8897300677553446,1.1400000000000001
