,TMAX,TMIN,WMAX,RTOT
2014-01-11,-0.56,-27.46,9.414881836751855,24.499999999999996
