,TMAX,TMIN,WMAX,RTOT
2014-11-19,12.84,-6.46,8.318653737234168,3.0099999999999993
