,TMAX,TMIN,WMAX,RTOT
2014-09-14 12:00:00,20.74,8.24,3.6891733491393435,2.6999999999999997
