,TMAX,TMIN,WMAX,RTOT
2014-09-22,24.64,4.54,6.685057965343307,6.6499999999999995
