,TMAX,TMIN,WMAX,RTOT
2014-10-20,22.94,5.44,8.005623023850173,30.65000000000001
