,TMAX,TMIN,WMAX,RTOT
2014-06-29 12:00:00,29.34,21.94,6.216912416947821,6.169999999999999
