,TMAX,TMIN,WMAX,RTOT
2014-03-08,2.44,-18.06,6.315853069855251,19.850000000000005
