,TMAX,TMIN,WMAX,RTOT
2014-10-08,26.44,3.84,8.802272433866154,18.700000000000003
