,TMAX,TMIN,WMAX,RTOT
2014-04-22,15.74,-2.86,8.023091673413685,17.949999999999992
