,TMAX,TMIN,WMAX,RTOT
2014-04-03,17.44,-10.06,10.394229168149026,13.500000000000002
