,TMAX,TMIN,WMAX,RTOT
2014-08-05,28.44,9.64,4.870318264754368,7.240000000000001
