,TMAX,TMIN,WMAX,RTOT
2014-11-28,9.54,-10.06,9.17605579756357,39.089999999999996
