,TMAX,TMIN,WMAX,RTOT
2014-03-29,18.74,-8.26,10.911003620199198,6.599999999999998
