,TMAX,TMIN,WMAX,RTOT
2014-11-23,3.04,-9.96,9.430270409696638,7.510000000000001
