,TMAX,TMIN,WMAX,RTOT
2014-03-24,15.94,-7.46,10.489041900955492,0.7300000000000002
