,TMAX,TMIN,WMAX,RTOT
2014-11-07,14.34,-1.76,8.928605714219886,48.249999999999986
