,TMAX,TMIN,WMAX,RTOT
2014-10-23,18.54,3.84,7.106335201775948,4.039999999999999
