,TMAX,TMIN,WMAX,RTOT
2014-08-10,29.04,11.74,4.440720662234904,3.7600000000000002
