,TMAX,TMIN,WMAX,RTOT
2014-12-06,11.44,-5.76,7.92464510246358,33.650000000000006
