,TMAX,TMIN,WMAX,RTOT
2014-10-15,21.04,6.24,6.5069193939989765,33.690000000000005
