,TMAX,TMIN,WMAX,RTOT
2014-10-09,26.34,3.04,8.87693640846886,25.540000000000003
