,TMAX,TMIN,WMAX,RTOT
2014-08-06 12:00:00,18.44,16.14,4.509988913511872,20.180000000000003
