,TMAX,TMIN,WMAX,RTOT
2014-05-06,20.74,4.24,8.603487664894976,17.710000000000004
