,TMAX,TMIN,WMAX,RTOT
2014-08-25,33.84,17.34,4.8270073544588685,8.490000000000002
