,TMAX,TMIN,WMAX,RTOT
2014-06-10,27.24,9.84,7.962411694957754,61.36000000000001
