,TMAX,TMIN,WMAX,RTOT
2014-04-11,19.84,-1.06,9.841239759298624,45.52000000000002
