,TMAX,TMIN,WMAX,RTOT
2014-08-14,28.84,14.24,4.767598976424087,38.11000000000001
