,TMAX,TMIN,WMAX,RTOT
2014-01-24,2.94,-17.26,10.783784122468328,3.9799999999999995
