,TMAX,TMIN,WMAX,RTOT
2014-10-12,21.24,2.94,8.161494961096281,6.670000000000001
