,TMAX,TMIN,WMAX,RTOT
2014-04-21,19.64,-4.36,8.4581321815162,30.650000000000002
