,TMAX,TMIN,WMAX,RTOT
2014-07-28 12:00:00,23.94,11.74,3.448187929913334,0.6900000000000001
