,TMAX,TMIN,WMAX,RTOT
2014-08-18 12:00:00,28.74,19.24,4.580392996239516,1.6099999999999999
