,TMAX,TMIN,WMAX,RTOT
2014-02-20,8.74,-14.26,9.472592042308166,6.449999999999999
