,TMAX,TMIN,WMAX,RTOT
2014-11-26,12.84,-12.76,8.586617494683225,31.760000000000005
