,TMAX,TMIN,WMAX,RTOT
2014-03-28,17.64,-6.66,11.164676439557038,1.7999999999999998
