,TMAX,TMIN,WMAX,RTOT
2015-01-06,1.64,-12.86,10.897706180660222,6.8100000000000005
