,TMAX,TMIN,WMAX,RTOT
2014-05-26,28.64,7.74,5.860034129593445,11.740000000000002
