,TMAX,TMIN,WMAX,RTOT
2014-12-23 12:00:00,5.74,-1.16,6.229767250869008,22.590000000000003
