,TMAX,TMIN,WMAX,RTOT
2014-09-16,26.94,3.94,5.948108943185221,30.180000000000007
