,TMAX,TMIN,WMAX,RTOT
2014-07-25,31.64,12.74,5.724508712544685,5.159999999999999
