,TMAX,TMIN,WMAX,RTOT
2014-05-20,27.24,5.04,7.397972695272672,32.78000000000001
