,TMAX,TMIN,WMAX,RTOT
2014-06-21 12:00:00,28.94,18.14,2.8653097563788803,7.579999999999999
