,TMAX,TMIN,WMAX,RTOT
2014-07-02,29.84,17.54,5.6859475903318,19.639999999999997
