,TMAX,TMIN,WMAX,RTOT
2014-02-15 12:00:00,-3.86,-6.76,5.5901699437494745,0.22999999999999998
