,TMAX,TMIN,WMAX,RTOT
2014-05-21,20.44,4.74,5.314132102234569,24.790000000000003
