,TMAX,TMIN,WMAX,RTOT
2014-07-19,30.84,9.14,4.860041152089146,22.709999999999994
