,TMAX,TMIN,WMAX,RTOT
2014-10-03 12:00:00,8.64,3.64,8.105553651663778,0.13999999999999999
