,TMAX,TMIN,WMAX,RTOT
2014-12-21 12:00:00,7.44,-1.86,6.940461079784253,15.330000000000002
