,TMAX,TMIN,WMAX,RTOT
2014-08-01 12:00:00,26.54,13.14,2.545584412271571,1.4100000000000001
