,TMAX,TMIN,WMAX,RTOT
2014-03-09,2.34,-17.46,6.62872536767062,15.620000000000003
