,TMAX,TMIN,WMAX,RTOT
2014-08-23,32.24,11.44,5.3935146240647205,36.86999999999999
