,TMAX,TMIN,WMAX,RTOT
2014-08-31,33.54,11.74,3.905124837953327,21.610000000000003
