,TMAX,TMIN,WMAX,RTOT
2014-04-20,22.34,-3.36,8.902246907382429,51.290000000000006
