,TMAX,TMIN,WMAX,RTOT
2014-01-10 12:00:00,5.24,-2.76,8.022468448052631,1.4000000000000001
