,TMAX,TMIN,WMAX,RTOT
2015-01-01,8.84,-7.26,7.240165743959181,11.719999999999997
