,TMAX,TMIN,WMAX,RTOT
2014-07-17,28.24,9.64,5.800862004909271,17.750000000000004
