,TMAX,TMIN,WMAX,RTOT
2014-04-02,11.44,-6.56,9.712878049270463,37.199999999999996
