,TMAX,TMIN,WMAX,RTOT
2014-10-24 12:00:00,21.74,11.44,3.8288379438153295,0.060000000000000005
