,TMAX,TMIN,WMAX,RTOT
2014-07-01 12:00:00,20.64,13.74,4.632493928760188,0.6000000000000001
