,TMAX,TMIN,WMAX,RTOT
2014-01-13,3.34,-26.86,11.872657663724665,47.15000000000002
