,TMAX,TMIN,WMAX,RTOT
2014-11-05,16.04,-1.16,10.261578825892242,36.730000000000004
