,TMAX,TMIN,WMAX,RTOT
2014-03-07,0.34,-18.56,7.420242583635659,25.069999999999997
