,TMAX,TMIN,WMAX,RTOT
2014-11-10 12:00:00,9.74,-0.96,7.605918747922567,0.9600000000000001
