,TMAX,TMIN,WMAX,RTOT
2014-08-17,27.84,11.64,5.5154328932550705,9.569999999999999
