,TMAX,TMIN,WMAX,RTOT
2014-11-30,11.44,-7.26,11.896217886370442,40.919999999999995
