,TMAX,TMIN,WMAX,RTOT
2014-03-17,15.54,-6.86,10.866922287382017,26.719999999999995
