,TMAX,TMIN,WMAX,RTOT
2014-08-19,30.14,12.74,5.3823786563191565,10.999999999999998
