,TMAX,TMIN,WMAX,RTOT
2014-01-22,3.74,-11.06,9.616652224137045,7.719999999999998
