,TMAX,TMIN,WMAX,RTOT
2014-03-21,12.44,-5.96,9.902019995940222,1.6300000000000003
