,TMAX,TMIN,WMAX,RTOT
2014-10-31,23.44,5.24,9.303762679690406,2.9699999999999998
