,TMAX,TMIN,WMAX,RTOT
2014-12-04,14.34,-7.16,9.087353850269066,4.920000000000001
