,TMAX,TMIN,WMAX,RTOT
2014-09-28,26.44,7.44,7.218032973047436,2.3299999999999996
