,TMAX,TMIN,WMAX,RTOT
2014-12-25 12:00:00,8.14,1.04,7.291776189653656,0.21000000000000002
