,TMAX,TMIN,WMAX,RTOT
2014-06-18,29.24,11.24,6.88839603971781,39.410000000000004
