,TMAX,TMIN,WMAX,RTOT
2014-06-11 12:00:00,26.44,13.34,4.123105625617661,7.5200000000000005
