,TMAX,TMIN,WMAX,RTOT
2014-06-14,26.64,11.44,6.797793759742936,49.730000000000004
