,TMAX,TMIN,WMAX,RTOT
2014-04-09,22.54,-0.56,10.82266141020775,60.48000000000001
