,TMAX,TMIN,WMAX,RTOT
2014-10-12 12:00:00,22.94,15.34,8.005623023850173,17.060000000000002
