,TMAX,TMIN,WMAX,RTOT
2014-12-19,9.34,-2.46,5.458937625582473,14.589999999999998
