,TMAX,TMIN,WMAX,RTOT
2014-01-19 12:00:00,-0.46,-4.56,8.411896337925237,1.4100000000000001
