,TMAX,TMIN,WMAX,RTOT
2014-02-25,13.14,-9.56,11.067971810589327,24.839999999999996
