,TMAX,TMIN,WMAX,RTOT
2014-02-10,1.44,-19.76,11.641735265844178,25.619999999999997
