,TMAX,TMIN,WMAX,RTOT
2014-04-26,23.34,4.44,8.095677859203638,12.540000000000001
