,TMAX,TMIN,WMAX,RTOT
2014-07-24,31.64,7.84,3.1622776601683795,9.529999999999998
