,TMAX,TMIN,WMAX,RTOT
2014-05-03,26.24,5.44,7.8390050389064045,25.330000000000016
