,TMAX,TMIN,WMAX,RTOT
2014-11-24,7.24,-10.26,9.196738552334734,14.819999999999999
