,TMAX,TMIN,WMAX,RTOT
2015-01-07,1.04,-12.16,10.36966730420991,12.009999999999998
