,TMAX,TMIN,WMAX,RTOT
2014-04-29,23.44,0.14,8.393449827097319,13.829999999999998
