,TMAX,TMIN,WMAX,RTOT
2014-03-12,3.14,-18.26,5.714017850864661,3.0499999999999994
