,TMAX,TMIN,WMAX,RTOT
2014-12-21,9.84,-3.36,9.343446901438464,10.569999999999997
