,TMAX,TMIN,WMAX,RTOT
2014-06-19,30.54,9.94,7.302739212103908,20.419999999999995
