,TMAX,TMIN,WMAX,RTOT
2014-07-07 12:00:00,26.44,16.44,5.500909015790027,25.299999999999997
