,TMAX,TMIN,WMAX,RTOT
2014-06-15,25.64,8.44,7.15122367151245,119.17999999999998
