,TMAX,TMIN,WMAX,RTOT
2014-04-08,18.84,0.34,10.20441081101697,83.79000000000002
