,TMAX,TMIN,WMAX,RTOT
2014-11-16,13.24,-6.06,7.502666192761077,0.32999999999999996
