,TMAX,TMIN,WMAX,RTOT
2014-05-30,28.54,8.84,4.55411901469428,12.659999999999998
