,TMAX,TMIN,WMAX,RTOT
2014-04-10,19.24,-0.86,9.902019995940224,86.05000000000001
