,TMAX,TMIN,WMAX,RTOT
2014-01-18,5.54,-11.86,12.265398485169571,18.179999999999996
