,TMAX,TMIN,WMAX,RTOT
2014-09-15,26.24,5.04,7.0178344238090995,17.320000000000004
