,TMAX,TMIN,WMAX,RTOT
2014-03-19,20.54,-8.66,12.175795661885921,27.319999999999997
