,TMAX,TMIN,WMAX,RTOT
2014-10-13,19.34,4.04,5.903388857258177,30.439999999999998
