,TMAX,TMIN,WMAX,RTOT
2014-06-26,30.54,18.34,5.630275304103699,61.169999999999995
