,TMAX,TMIN,WMAX,RTOT
2014-08-04 12:00:00,27.44,17.84,2.6076809620810595,1.4600000000000002
