,TMAX,TMIN,WMAX,RTOT
2014-10-18,19.94,5.24,8.755569655939013,22.430000000000007
