,TMAX,TMIN,WMAX,RTOT
2014-04-12,21.44,-1.06,10.044899203078147,22.929999999999996
