,TMAX,TMIN,WMAX,RTOT
2014-08-13,29.24,13.84,5.408326913195984,55.760000000000005
