,TMAX,TMIN,WMAX,RTOT
2014-08-31 12:00:00,28.24,19.94,7.057619995437555,6.0200000000000005
