,TMAX,TMIN,WMAX,RTOT
2014-06-08 12:00:00,24.54,12.24,3.8052595180880893,1.5899999999999999
