,TMAX,TMIN,WMAX,RTOT
2014-10-08 12:00:00,12.34,9.04,3.0805843601498726,2.7399999999999998
