,TMAX,TMIN,WMAX,RTOT
2014-11-25,12.24,-10.76,10.262553288533999,14.659999999999998
