,TMAX,TMIN,WMAX,RTOT
2014-12-12,8.44,-2.16,7.354590403278758,27.009999999999998
