,TMAX,TMIN,WMAX,RTOT
2014-03-28 12:00:00,7.64,-0.96,6.378871373526825,4.409999999999999
