,TMAX,TMIN,WMAX,RTOT
2014-12-31,9.24,-5.96,8.73155198117723,25.420000000000005
