,TMAX,TMIN,WMAX,RTOT
2014-12-08 12:00:00,2.64,-1.76,5.946427498927402,0.13999999999999999
