,TMAX,TMIN,WMAX,RTOT
2014-04-30,21.64,2.54,9.556673061269807,36.78000000000001
