,TMAX,TMIN,WMAX,RTOT
2014-01-25,-0.26,-19.16,8.798295289429651,5.149999999999999
