,TMAX,TMIN,WMAX,RTOT
2014-04-27 12:00:00,23.54,13.74,7.694153624668537,12.309999999999997
