,TMAX,TMIN,WMAX,RTOT
2014-01-21,7.84,-10.66,11.76860229593982,3.4099999999999993
