,TMAX,TMIN,WMAX,RTOT
2014-08-21,29.54,12.14,6.1400325732035,17.599999999999998
