,TMAX,TMIN,WMAX,RTOT
2014-07-30,29.64,6.44,6.191122676865643,37.91000000000001
