,TMAX,TMIN,WMAX,RTOT
2014-04-03 12:00:00,14.94,1.24,9.841239759298624,1.4000000000000001
