,TMAX,TMIN,WMAX,RTOT
2014-10-25,17.54,2.84,7.432361670424818,9.050000000000002
