,TMAX,TMIN,WMAX,RTOT
2014-01-16,5.84,-10.16,11.000454536063499,27.669999999999995
