,TMAX,TMIN,WMAX,RTOT
2014-02-01,1.24,-24.46,11.412712210513327,4.8100000000000005
