,TMAX,TMIN,WMAX,RTOT
2014-08-02,30.94,9.84,6.723094525588644,30.319999999999997
