,TMAX,TMIN,WMAX,RTOT
2014-09-01,33.14,17.44,3.2140317359976396,11.750000000000004
