,TMAX,TMIN,WMAX,RTOT
2014-12-05 12:00:00,4.84,-0.96,7.71621668954417,0.45000000000000007
