,TMAX,TMIN,WMAX,RTOT
2014-12-07,11.24,-4.16,7.021395872616783,10.290000000000001
