,TMAX,TMIN,WMAX,RTOT
2014-08-19 12:00:00,30.24,18.64,3.4014702703389896,2.3699999999999997
