,TMAX,TMIN,WMAX,RTOT
2014-01-10,-0.86,-25.66,8.697700845625814,12.269999999999998
