,TMAX,TMIN,WMAX,RTOT
2014-04-14,19.74,0.44,9.749871794028882,24.070000000000004
