,TMAX,TMIN,WMAX,RTOT
2014-04-15,21.84,0.34,8.602325267042627,51.75000000000001
