,TMAX,TMIN,WMAX,RTOT
2014-12-03 12:00:00,1.24,-1.56,4.220189569201838,0.6900000000000001
