,TMAX,TMIN,WMAX,RTOT
2014-02-03 12:00:00,-4.86,-9.06,7.742092740338364,6.760000000000001
