,TMAX,TMIN,WMAX,RTOT
2014-12-15,9.44,-2.96,6.168468205316454,5.599999999999999
