,TMAX,TMIN,WMAX,RTOT
2014-07-13 12:00:00,26.24,12.44,4.9365980188789935,3.2399999999999998
