,TMAX,TMIN,WMAX,RTOT
2014-10-22,17.64,5.74,6.596969000988258,9.299999999999997
