,TMAX,TMIN,WMAX,RTOT
2014-09-21,25.74,3.14,5.10098029794274,2.1099999999999994
