,TMAX,TMIN,WMAX,RTOT
2014-04-20 12:00:00,22.14,14.44,6.5069193939989765,5.5600000000000005
