,TMAX,TMIN,WMAX,RTOT
2014-07-06,30.74,10.34,6.514598989960933,7.460000000000001
