,TMAX,TMIN,WMAX,RTOT
2014-07-10,29.14,10.24,5.714017850864661,28.419999999999995
