,TMAX,TMIN,WMAX,RTOT
2014-02-12 12:00:00,-0.26,-9.56,6.129437168288782,0.09999999999999999
