,TMAX,TMIN,WMAX,RTOT
2014-12-02,10.94,-5.96,10.787029248129441,2.4799999999999995
