,TMAX,TMIN,WMAX,RTOT
2014-12-20,10.44,-3.06,8.440379138403676,7.190000000000001
