,TMAX,TMIN,WMAX,RTOT
2014-08-15,27.74,9.74,5.9413803110051795,25.159999999999997
