,TMAX,TMIN,WMAX,RTOT
2014-06-13,26.44,12.54,7.306161783043132,39.86000000000001
