,TMAX,TMIN,WMAX,RTOT
2014-07-26,31.34,11.64,5.345091205957107,6.640000000000001
