,TMAX,TMIN,WMAX,RTOT
2015-09-07,33.14,19.04,5.440588203494178,5.319999999999999
