,TMAX,TMIN,WMAX,RTOT
2015-05-11,28.44,16.04,8.509406559801922,44.15000000000001
