,TMAX,TMIN,WMAX,RTOT
2015-11-28,13.54,-10.26,13.92300254973761,61.940000000000005
