,TMAX,TMIN,WMAX,RTOT
2015-04-24,23.94,5.84,10.8664621657649,25.330000000000002
