,TMAX,TMIN,WMAX,RTOT
2015-12-31,16.94,-1.26,16.85852899869974,136.91000000000005
