,TMAX,TMIN,WMAX,RTOT
2015-09-21,29.44,8.74,8.780091115700339,50.620000000000005
