,TMAX,TMIN,WMAX,RTOT
2016-01-06,5.04,-5.26,7.778174593052023,0.4200000000000001
