,TMAX,TMIN,WMAX,RTOT
2015-02-06,4.34,-20.56,11.01135777277262,21.009999999999994
