,TMAX,TMIN,WMAX,RTOT
2015-02-03 12:00:00,-1.46,-14.46,7.788452991448302,4.569999999999999
