,TMAX,TMIN,WMAX,RTOT
2015-05-25 12:00:00,24.84,19.24,9.7082439194738,15.940000000000001
