,TMAX,TMIN,WMAX,RTOT
2015-04-18,20.14,4.94,11.950732195141851,14.609999999999998
