,TMAX,TMIN,WMAX,RTOT
2015-06-06,29.04,9.34,10.688779163215974,46.030000000000015
