,TMAX,TMIN,WMAX,RTOT
2015-10-23 12:00:00,20.34,10.24,10.44030650891055,2.0300000000000002
