,TMAX,TMIN,WMAX,RTOT
2015-01-23,3.84,-9.46,8.324061508662703,0.9099999999999999
