,TMAX,TMIN,WMAX,RTOT
2015-03-01,-1.36,-23.46,9.386160024205852,4.519999999999999
