,TMAX,TMIN,WMAX,RTOT
2015-06-15,31.04,17.54,10.51189802081432,52.489999999999995
