,TMAX,TMIN,WMAX,RTOT
2015-04-05,19.84,-4.56,12.020815280171307,19.929999999999996
