,TMAX,TMIN,WMAX,RTOT
2015-12-20 12:00:00,12.94,3.44,12.531959144523254,11.049999999999999
