,TMAX,TMIN,WMAX,RTOT
2015-02-08,3.54,-14.86,12.701181047445942,32.349999999999994
