,TMAX,TMIN,WMAX,RTOT
2015-07-12,31.14,15.24,7.9202272694664515,25.16999999999999
