,TMAX,TMIN,WMAX,RTOT
2015-05-30 12:00:00,14.74,11.94,9.57078889120432,1.7000000000000002
