,TMAX,TMIN,WMAX,RTOT
2015-02-11,3.14,-19.66,7.788452991448302,5.999999999999998
