,TMAX,TMIN,WMAX,RTOT
2015-02-17 12:00:00,-9.26,-17.66,10.262553288533999,0.32000000000000006
