,TMAX,TMIN,WMAX,RTOT
2015-06-11 12:00:00,29.44,20.24,9.902019995940224,12.229999999999999
