,TMAX,TMIN,WMAX,RTOT
2015-11-13,22.54,2.04,11.870130580579138,18.880000000000006
