,TMAX,TMIN,WMAX,RTOT
2015-08-29,27.74,10.84,8.627861844049196,2.8099999999999996
