,TMAX,TMIN,WMAX,RTOT
2015-09-11,33.84,11.44,7.7414468931847615,12.809999999999999
