,TMAX,TMIN,WMAX,RTOT
2015-09-02,32.04,11.64,8.713208364316786,0.30000000000000004
