,TMAX,TMIN,WMAX,RTOT
2015-04-12 12:00:00,18.84,12.04,8.430895563343197,3.3299999999999996
