,TMAX,TMIN,WMAX,RTOT
2015-08-03,32.44,17.64,5.70087712549569,17.480000000000004
