,TMAX,TMIN,WMAX,RTOT
2015-02-15,5.64,-12.36,10.7298648640139,3.1099999999999994
