,TMAX,TMIN,WMAX,RTOT
2015-08-07,30.84,12.44,7.045565981523415,7.2700000000000005
