,TMAX,TMIN,WMAX,RTOT
2015-02-08 12:00:00,-0.26,-3.56,7.764663547121666,0.35000000000000003
