,TMAX,TMIN,WMAX,RTOT
2015-04-08 12:00:00,23.44,11.24,12.370933675353692,30.139999999999997
