,TMAX,TMIN,WMAX,RTOT
2015-07-10 12:00:00,27.64,13.74,4.686149805543993,5.4399999999999995
