,TMAX,TMIN,WMAX,RTOT
2015-12-16,16.54,0.34,13.200378782444085,27.580000000000005
