,TMAX,TMIN,WMAX,RTOT
2015-10-31,23.74,2.54,10.44030650891055,50.099999999999994
