,TMAX,TMIN,WMAX,RTOT
2015-12-03,15.04,-0.76,11.569356075426152,28.000000000000007
