,TMAX,TMIN,WMAX,RTOT
2015-11-22,15.94,1.54,14.969301920931384,69.01000000000002
