,TMAX,TMIN,WMAX,RTOT
2015-01-25,5.84,-10.26,9.037698822156003,10.109999999999998
