,TMAX,TMIN,WMAX,RTOT
2015-11-18,17.24,0.94,15.192103211866355,13.879999999999999
