,TMAX,TMIN,WMAX,RTOT
2015-06-12,31.44,13.84,8.261961026293939,33.029999999999994
