,TMAX,TMIN,WMAX,RTOT
2015-03-27,15.34,-0.56,10.558882516630252,11.119999999999996
