,TMAX,TMIN,WMAX,RTOT
2015-11-20,17.34,0.64,14.257980221616243,53.73999999999999
