,TMAX,TMIN,WMAX,RTOT
2015-01-21,5.64,-13.26,8.570297544426332,0.45000000000000007
