,TMAX,TMIN,WMAX,RTOT
2015-08-09,28.54,13.64,13.904315876734103,107.92000000000002
