,TMAX,TMIN,WMAX,RTOT
2015-03-29,18.34,-3.16,11.268096556206821,23.260000000000005
