,TMAX,TMIN,WMAX,RTOT
2015-08-19,31.64,14.44,6.673080248281149,1.1400000000000001
