,TMAX,TMIN,WMAX,RTOT
2015-06-03,29.04,8.94,11.053506231056279,42.160000000000004
