,TMAX,TMIN,WMAX,RTOT
2015-11-29,13.14,-10.86,13.553228397691822,30.489999999999995
