,TMAX,TMIN,WMAX,RTOT
2015-12-12,14.74,-2.46,10.604244433244643,1.6800000000000004
