,TMAX,TMIN,WMAX,RTOT
2015-06-25,32.34,17.34,11.648175822848827,48.169999999999995
