,TMAX,TMIN,WMAX,RTOT
2015-07-18,32.44,13.74,8.338465086573187,30.330000000000002
