,TMAX,TMIN,WMAX,RTOT
2015-07-13,31.24,13.54,8.981091247727083,20.520000000000003
