,TMAX,TMIN,WMAX,RTOT
2015-08-31 12:00:00,32.14,19.44,5.315072906367325,2.9299999999999997
