,TMAX,TMIN,WMAX,RTOT
2015-10-28,25.44,8.14,8.318653737234168,4.659999999999999
