,TMAX,TMIN,WMAX,RTOT
2015-12-06,9.24,-0.46,9.53362470417207,4.669999999999999
