,TMAX,TMIN,WMAX,RTOT
2015-05-01,18.94,2.54,9.513148795220223,23.520000000000003
