,TMAX,TMIN,WMAX,RTOT
2015-05-02,22.74,3.04,10.323759005323593,28.729999999999997
