,TMAX,TMIN,WMAX,RTOT
2015-01-06 12:00:00,-11.96,-23.06,8.440379138403676,0.060000000000000005
