,TMAX,TMIN,WMAX,RTOT
2015-04-20,21.04,8.34,9.202173656261872,4.199999999999999
