,TMAX,TMIN,WMAX,RTOT
2015-10-26 12:00:00,13.14,9.64,8.091971329657564,29.720000000000002
