,TMAX,TMIN,WMAX,RTOT
2015-06-20,30.24,17.14,9.167878707749137,75.27000000000001
