,TMAX,TMIN,WMAX,RTOT
2015-03-08 12:00:00,5.14,1.74,3.4014702703389896,0.49000000000000005
