,TMAX,TMIN,WMAX,RTOT
2015-02-14,5.94,-14.56,8.852683209061533,1.4100000000000001
