,TMAX,TMIN,WMAX,RTOT
2015-12-04,15.14,-0.16,12.47397290361014,39.43000000000001
