,TMAX,TMIN,WMAX,RTOT
2015-05-18,28.14,7.04,10.316006979447037,44.89999999999999
