,TMAX,TMIN,WMAX,RTOT
2015-02-12,6.14,-18.26,7.8160092118676525,4.519999999999999
