,TMAX,TMIN,WMAX,RTOT
2015-09-06,31.64,15.04,5.015974481593781,4.410000000000001
