,TMAX,TMIN,WMAX,RTOT
2015-03-26 12:00:00,-0.06,-4.56,7.3246160308919945,0.22999999999999998
