,TMAX,TMIN,WMAX,RTOT
2015-06-27 12:00:00,25.34,11.34,7.3006848993775915,3.9299999999999997
