,TMAX,TMIN,WMAX,RTOT
2015-09-18 12:00:00,24.64,11.64,9.300537618869138,4.5200000000000005
