,TMAX,TMIN,WMAX,RTOT
2015-05-21,27.74,5.34,9.472592042308166,21.270000000000003
