,TMAX,TMIN,WMAX,RTOT
2015-01-14,-3.86,-23.06,8.508818954473059,0.47000000000000003
