,TMAX,TMIN,WMAX,RTOT
2015-02-28,-0.76,-25.16,9.10823802938856,18.740000000000002
