,TMAX,TMIN,WMAX,RTOT
2015-07-26,32.84,11.84,6.438167441127949,29.169999999999998
