,TMAX,TMIN,WMAX,RTOT
2015-09-16,31.24,8.34,8.637129152675675,30.98999999999999
