,TMAX,TMIN,WMAX,RTOT
2015-07-19,31.54,19.74,8.043009387039158,56.080000000000005
