,TMAX,TMIN,WMAX,RTOT
2015-08-10,30.54,12.34,7.58023746329889,57.440000000000005
