,TMAX,TMIN,WMAX,RTOT
2015-06-01,29.64,13.84,11.545128842936315,47.31000000000001
