,TMAX,TMIN,WMAX,RTOT
2015-12-24 12:00:00,9.04,5.34,5.73149195236284,0.12000000000000001
