,TMAX,TMIN,WMAX,RTOT
2015-08-01,33.24,17.04,5.412947441089743,25.749999999999996
