,TMAX,TMIN,WMAX,RTOT
2015-02-16,7.24,-13.26,11.73243367763057,3.8299999999999996
