,TMAX,TMIN,WMAX,RTOT
2015-06-07 12:00:00,27.34,18.74,7.378346698278687,23.190000000000005
