,TMAX,TMIN,WMAX,RTOT
2015-09-27,27.84,10.14,6.58027355054484,0.30000000000000004
