,TMAX,TMIN,WMAX,RTOT
2015-12-24,14.54,-5.06,12.535549449465707,10.680000000000001
