,TMAX,TMIN,WMAX,RTOT
2016-01-01,11.54,-8.56,15.264337522473747,63.629999999999995
