,TMAX,TMIN,WMAX,RTOT
2015-10-10,27.64,8.24,10.800462953040485,23.110000000000007
