,TMAX,TMIN,WMAX,RTOT
2015-12-22,12.64,-5.06,13.947401191619894,21.239999999999995
