,TMAX,TMIN,WMAX,RTOT
2015-11-05,20.74,3.54,10.140019723846695,14.179999999999998
