,TMAX,TMIN,WMAX,RTOT
2015-03-25,15.64,-1.76,11.403946685248927,1.4300000000000002
