,TMAX,TMIN,WMAX,RTOT
2015-04-19,20.54,6.14,10.493807697875924,7.160000000000001
