,TMAX,TMIN,WMAX,RTOT
2015-10-02 12:00:00,14.54,9.94,10.800462953040485,1.0899999999999999
