,TMAX,TMIN,WMAX,RTOT
2015-01-30,7.04,-4.16,10.113357503816426,3.2199999999999998
