,TMAX,TMIN,WMAX,RTOT
2015-09-08 12:00:00,24.74,16.94,4.802082881417188,14.880000000000003
