,TMAX,TMIN,WMAX,RTOT
2015-09-08,33.04,19.44,6.276941930590087,3.8099999999999996
