,TMAX,TMIN,WMAX,RTOT
2015-10-27 12:00:00,15.74,7.54,10.16366075781753,12.129999999999999
