,TMAX,TMIN,WMAX,RTOT
2015-09-23,29.14,9.54,9.381364506296512,15.960000000000003
