,TMAX,TMIN,WMAX,RTOT
2015-07-01 12:00:00,25.74,13.14,6.3063460101710245,0.31000000000000005
