,TMAX,TMIN,WMAX,RTOT
2015-04-13,24.04,2.94,11.454256850621084,71.98999999999997
