,TMAX,TMIN,WMAX,RTOT
2015-01-18,2.24,-15.76,7.433034373659253,4.439999999999999
