,TMAX,TMIN,WMAX,RTOT
2015-12-20,17.84,-4.66,14.445068362593512,18.130000000000003
