,TMAX,TMIN,WMAX,RTOT
2015-09-09,32.24,15.14,6.876772498781678,13.389999999999999
