,TMAX,TMIN,WMAX,RTOT
2015-07-08,30.14,13.44,7.723341245859852,21.92000000000001
