,TMAX,TMIN,WMAX,RTOT
2015-07-20,32.34,16.74,7.387827826905552,23.949999999999996
