,TMAX,TMIN,WMAX,RTOT
2015-07-23,32.84,16.54,7.64198926981712,9.400000000000002
