,TMAX,TMIN,WMAX,RTOT
2015-08-18,30.74,14.74,5.940538696111658,17.150000000000002
