,TMAX,TMIN,WMAX,RTOT
2015-08-24,30.54,13.44,8.637708029332781,29.679999999999993
