,TMAX,TMIN,WMAX,RTOT
2015-07-25,33.54,17.34,7.07248188403477,28.640000000000008
