,TMAX,TMIN,WMAX,RTOT
2015-02-27,-0.16,-20.66,9.019977827023745,5.899999999999999
