,TMAX,TMIN,WMAX,RTOT
2015-04-22,22.24,3.64,11.042191811411357,27.110000000000003
