,TMAX,TMIN,WMAX,RTOT
2015-04-28 12:00:00,18.64,7.84,6.511528238439883,3.3400000000000003
