,TMAX,TMIN,WMAX,RTOT
2015-01-11,2.44,-22.16,9.724710792614864,23.200000000000003
