,TMAX,TMIN,WMAX,RTOT
2015-02-17,4.34,-17.96,13.598897014096401,1.5000000000000002
