,TMAX,TMIN,WMAX,RTOT
2015-01-31,3.94,-7.66,10.1079176886241,6.259999999999998
