,TMAX,TMIN,WMAX,RTOT
2015-02-26 12:00:00,-12.06,-23.26,3.7643060449437424,0.060000000000000005
