,TMAX,TMIN,WMAX,RTOT
2015-10-05,27.64,6.34,9.972963451251589,1.3599999999999999
