,TMAX,TMIN,WMAX,RTOT
2015-04-01,17.24,-5.16,12.472369462135092,39.06999999999999
