,TMAX,TMIN,WMAX,RTOT
2015-05-23,27.94,8.84,9.992497185388645,17.009999999999994
