,TMAX,TMIN,WMAX,RTOT
2015-07-15,31.74,13.54,9.130169768410662,62.089999999999996
