,TMAX,TMIN,WMAX,RTOT
2015-12-01 12:00:00,3.14,-1.26,7.433034373659253,1.9200000000000002
