,TMAX,TMIN,WMAX,RTOT
2015-07-11 12:00:00,30.34,21.54,5.295280917949491,5.9399999999999995
