,TMAX,TMIN,WMAX,RTOT
2015-08-17,30.04,14.34,6.649060083951716,20.959999999999997
