,TMAX,TMIN,WMAX,RTOT
2015-12-17,17.04,0.34,14.499655168313486,81.60000000000001
