,TMAX,TMIN,WMAX,RTOT
2015-07-07 12:00:00,21.04,13.54,9.130169768410662,35.019999999999996
