,TMAX,TMIN,WMAX,RTOT
2015-09-03,31.34,11.34,6.649060083951716,1.9200000000000002
