,TMAX,TMIN,WMAX,RTOT
2015-12-13 12:00:00,17.04,6.94,14.806079832285114,9.129999999999999
