,TMAX,TMIN,WMAX,RTOT
2015-07-03,28.24,12.94,10.141498903022176,86.02999999999999
