,TMAX,TMIN,WMAX,RTOT
2015-06-10,30.64,12.74,7.605918747922568,36.910000000000004
