,TMAX,TMIN,WMAX,RTOT
2015-11-04,21.34,4.04,10.16366075781753,58.46999999999999
