,TMAX,TMIN,WMAX,RTOT
2015-06-04 12:00:00,25.64,13.84,6.264982043070834,3.6299999999999994
