,TMAX,TMIN,WMAX,RTOT
2015-05-17,26.54,7.34,11.870130580579138,32.010000000000005
