,TMAX,TMIN,WMAX,RTOT
2015-05-31,30.44,12.74,12.364869590901474,32.67000000000001
