,TMAX,TMIN,WMAX,RTOT
2015-03-16,9.94,-6.36,9.712363255150624,11.639999999999999
