,TMAX,TMIN,WMAX,RTOT
2015-12-26,11.24,-4.06,12.84562182223967,3.8400000000000003
