,TMAX,TMIN,WMAX,RTOT
2015-05-22,26.94,5.54,9.57078889120432,39.879999999999995
