,TMAX,TMIN,WMAX,RTOT
2015-09-14,32.74,9.04,7.77946013551069,0.47000000000000003
