,TMAX,TMIN,WMAX,RTOT
2015-04-15,22.84,5.44,11.243220179290272,83.15999999999998
