,TMAX,TMIN,WMAX,RTOT
2015-11-30,13.04,-12.96,9.70051545022222,15.799999999999999
