,TMAX,TMIN,WMAX,RTOT
2015-04-24 12:00:00,19.94,5.34,10.323759005323593,28.080000000000002
