,TMAX,TMIN,WMAX,RTOT
2015-05-31 12:00:00,19.24,10.54,6.080296045424105,0.06999999999999999
