,TMAX,TMIN,WMAX,RTOT
2015-12-08 12:00:00,10.34,6.44,7.9699435380685095,0.15000000000000002
