,TMAX,TMIN,WMAX,RTOT
2015-04-19 12:00:00,13.34,7.44,11.624543001770006,3.7499999999999996
