,TMAX,TMIN,WMAX,RTOT
2015-04-30,16.54,1.94,10.594810050208546,13.519999999999998
