,TMAX,TMIN,WMAX,RTOT
2015-07-31,33.84,15.74,4.606517122512408,18.169999999999998
