,TMAX,TMIN,WMAX,RTOT
2015-12-28,18.04,0.84,13.619471355379401,53.820000000000014
