,TMAX,TMIN,WMAX,RTOT
2015-10-02,30.34,8.74,9.656603957913983,5.890000000000001
