,TMAX,TMIN,WMAX,RTOT
2015-12-15,16.84,0.54,15.044268011438776,25.549999999999997
