,TMAX,TMIN,WMAX,RTOT
2015-05-30,29.54,11.94,11.112605455067682,27.489999999999995
