,TMAX,TMIN,WMAX,RTOT
2015-05-19 12:00:00,9.14,5.94,5.966573556070519,2.6399999999999997
