,TMAX,TMIN,WMAX,RTOT
2015-06-16,31.84,16.74,8.48999411071645,64.86999999999999
