,TMAX,TMIN,WMAX,RTOT
2015-11-01,20.14,4.54,9.918165152889923,25.360000000000007
