,TMAX,TMIN,WMAX,RTOT
2015-05-26 12:00:00,25.94,17.74,8.10246875958186,0.06999999999999999
