,TMAX,TMIN,WMAX,RTOT
2015-03-26,14.64,-1.66,10.371113729971338,16.060000000000002
