,TMAX,TMIN,WMAX,RTOT
2015-05-20,27.64,7.64,9.563472172804186,27.019999999999996
