,TMAX,TMIN,WMAX,RTOT
2015-02-18,2.74,-18.56,12.984991336154215,1.5800000000000003
