,TMAX,TMIN,WMAX,RTOT
2015-11-11,22.64,2.34,10.24597481941079,14.659999999999998
