,TMAX,TMIN,WMAX,RTOT
2015-11-21,18.74,1.84,13.213629327327144,184.76999999999998
