,TMAX,TMIN,WMAX,RTOT
2015-08-02 12:00:00,27.74,15.84,7.5742986473996385,5.699999999999999
