,TMAX,TMIN,WMAX,RTOT
2015-11-25,16.64,-4.76,14.641379716406512,21.970000000000002
