,TMAX,TMIN,WMAX,RTOT
2015-07-05 12:00:00,29.54,18.74,6.664833081180653,0.8600000000000001
