,TMAX,TMIN,WMAX,RTOT
2015-11-05 12:00:00,19.84,7.74,11.870130580579138,6.9399999999999995
