,TMAX,TMIN,WMAX,RTOT
2015-11-04 12:00:00,21.54,14.14,11.36001760562016,6.1499999999999995
