,TMAX,TMIN,WMAX,RTOT
2015-12-19,17.34,-3.26,15.576905982896603,24.159999999999993
