,TMAX,TMIN,WMAX,RTOT
2015-01-26,4.54,-5.86,8.32165848854662,3.2599999999999985
