,TMAX,TMIN,WMAX,RTOT
2015-05-28,30.24,4.04,11.621101496846158,32.559999999999995
