,TMAX,TMIN,WMAX,RTOT
2015-02-07,3.64,-18.06,9.470480452437458,22.05999999999999
