,TMAX,TMIN,WMAX,RTOT
2015-09-01,32.84,10.54,8.13203541556479,0.5900000000000001
