,TMAX,TMIN,WMAX,RTOT
2015-01-15,0.04,-20.46,10.855873986004076,10.139999999999997
