,TMAX,TMIN,WMAX,RTOT
2015-11-14,17.44,2.64,16.493938280471404,21.459999999999997
