,TMAX,TMIN,WMAX,RTOT
2015-10-06,25.24,3.64,8.955445270895243,10.869999999999997
