,TMAX,TMIN,WMAX,RTOT
2015-08-20,30.74,15.94,4.750789408087881,21.099999999999998
