,TMAX,TMIN,WMAX,RTOT
2015-02-16 12:00:00,-6.96,-12.56,7.615773105863908,0.12000000000000001
