,TMAX,TMIN,WMAX,RTOT
2015-05-15,27.44,5.74,11.903780911962384,50.179999999999986
