,TMAX,TMIN,WMAX,RTOT
2015-09-19,31.54,8.74,7.787810988975015,5.529999999999999
