,TMAX,TMIN,WMAX,RTOT
2015-12-29,17.14,0.34,13.885243966167824,158.48999999999998
