,TMAX,TMIN,WMAX,RTOT
2015-03-24 12:00:00,16.34,5.34,12.472369462135092,3.5700000000000003
