,TMAX,TMIN,WMAX,RTOT
2015-07-27,31.94,13.04,6.363961030678928,22.850000000000005
