,TMAX,TMIN,WMAX,RTOT
2015-09-27 12:00:00,27.64,17.04,3.4713109915419564,0.22999999999999998
