,TMAX,TMIN,WMAX,RTOT
2015-06-28,31.44,19.34,8.969392398596463,52.199999999999996
