,TMAX,TMIN,WMAX,RTOT
2015-04-21 12:00:00,10.14,2.84,9.49210198006743,1.9000000000000001
