,TMAX,TMIN,WMAX,RTOT
2015-09-22,31.14,10.64,9.269843580125825,10.639999999999999
