,TMAX,TMIN,WMAX,RTOT
2015-06-15 12:00:00,26.24,20.14,4.8918299234540035,7.109999999999999
