,TMAX,TMIN,WMAX,RTOT
2015-08-08 12:00:00,27.04,20.94,6.935416353759881,29.700000000000003
