,TMAX,TMIN,WMAX,RTOT
2015-04-25,24.04,4.34,10.733592129385205,34.419999999999995
