,TMAX,TMIN,WMAX,RTOT
2015-09-16 12:00:00,29.34,16.14,8.935882720806044,1.6400000000000001
