,TMAX,TMIN,WMAX,RTOT
2016-01-05,8.24,-6.56,16.090059042775447,27.150000000000002
