,TMAX,TMIN,WMAX,RTOT
2015-05-12,28.24,17.14,12.23315167894194,55.919999999999995
