,TMAX,TMIN,WMAX,RTOT
2015-04-06 12:00:00,21.34,14.14,5.594640292279745,4.4799999999999995
