,TMAX,TMIN,WMAX,RTOT
2015-09-24,31.34,8.84,8.935882720806044,10.750000000000002
