,TMAX,TMIN,WMAX,RTOT
2015-05-08 12:00:00,25.14,17.04,4.949747468305833,0.060000000000000005
