,TMAX,TMIN,WMAX,RTOT
2015-06-26,32.44,19.14,8.640601830891178,38.540000000000006
