,TMAX,TMIN,WMAX,RTOT
2015-05-16 12:00:00,26.74,18.64,10.551303237041385,8.799999999999999
