,TMAX,TMIN,WMAX,RTOT
2015-05-29,28.64,6.44,10.336827366266691,18.690000000000005
