,TMAX,TMIN,WMAX,RTOT
2015-09-25,30.04,7.94,9.121951545584968,24.529999999999998
