,TMAX,TMIN,WMAX,RTOT
2015-12-05,15.84,-0.96,12.491997438360288,34.96999999999999
