,TMAX,TMIN,WMAX,RTOT
2015-06-27,32.04,18.64,9.76165969494942,54.68999999999999
