,TMAX,TMIN,WMAX,RTOT
2015-09-26 12:00:00,25.04,14.94,4.341658669218482,0.5800000000000001
