,TMAX,TMIN,WMAX,RTOT
2015-07-08 12:00:00,21.54,13.54,8.443340571124677,0.8300000000000001
