,TMAX,TMIN,WMAX,RTOT
2015-04-11,23.54,0.14,9.902019995940222,41.190000000000005
