,TMAX,TMIN,WMAX,RTOT
2015-11-23,16.64,1.04,14.299999999999999,53.11000000000001
