,TMAX,TMIN,WMAX,RTOT
2015-02-07 12:00:00,5.64,0.44,8.099382692526634,0.35000000000000003
