,TMAX,TMIN,WMAX,RTOT
2015-07-24,33.14,16.54,7.495331880577404,17.859999999999996
