,TMAX,TMIN,WMAX,RTOT
2015-02-09,1.44,-17.86,11.610770861575041,18.259999999999998
