,TMAX,TMIN,WMAX,RTOT
2015-10-13,28.84,6.44,9.899494936611665,14.289999999999997
