,TMAX,TMIN,WMAX,RTOT
2015-07-09 12:00:00,21.84,14.24,3.83275357934736,15.049999999999999
