,TMAX,TMIN,WMAX,RTOT
2015-08-09 12:00:00,27.54,20.34,6.074537019394977,3.0799999999999996
