,TMAX,TMIN,WMAX,RTOT
2015-03-11,10.24,-14.46,8.205485969764375,6.679999999999998
