,TMAX,TMIN,WMAX,RTOT
2015-12-18,17.14,-0.26,16.036520819679062,30.880000000000003
