,TMAX,TMIN,WMAX,RTOT
2015-02-21,-1.26,-17.66,12.854960132182441,0.9300000000000002
