,TMAX,TMIN,WMAX,RTOT
2015-08-14,28.74,13.64,6.545991139621258,21.520000000000007
