,TMAX,TMIN,WMAX,RTOT
2015-10-16,26.44,7.34,11.621101496846158,0.8400000000000001
