,TMAX,TMIN,WMAX,RTOT
2015-03-10,3.04,-18.06,9.303762679690406,8.539999999999997
