,TMAX,TMIN,WMAX,RTOT
2016-01-03,11.24,-9.86,15.002999700059984,110.00999999999999
