,TMAX,TMIN,WMAX,RTOT
2015-02-22,1.54,-19.86,13.944532978913278,5.550000000000001
