,TMAX,TMIN,WMAX,RTOT
2015-11-30 12:00:00,8.74,3.04,7.505997601918082,1.1800000000000002
