,TMAX,TMIN,WMAX,RTOT
2015-08-15,29.94,11.14,6.441273166075167,22.599999999999998
