,TMAX,TMIN,WMAX,RTOT
2015-06-09,29.34,10.34,10.51189802081432,4.9799999999999995
