,TMAX,TMIN,WMAX,RTOT
2016-01-02,13.74,-5.66,15.750872991678905,137.33000000000007
