,TMAX,TMIN,WMAX,RTOT
2015-10-08 12:00:00,18.64,8.94,6.100819617067857,0.21999999999999997
