,TMAX,TMIN,WMAX,RTOT
2015-03-19,15.84,0.34,8.080222769206305,31.530000000000005
