,TMAX,TMIN,WMAX,RTOT
2015-02-04,5.14,-14.86,10.783784122468328,14.039999999999997
