,TMAX,TMIN,WMAX,RTOT
2015-02-02,5.44,-5.26,11.123398761170078,10.359999999999998
