,TMAX,TMIN,WMAX,RTOT
2015-09-26,30.44,9.94,9.300537618869138,10.049999999999999
