,TMAX,TMIN,WMAX,RTOT
2015-06-21,29.64,11.64,10.567875850898325,127.03999999999996
