,TMAX,TMIN,WMAX,RTOT
2015-03-28,21.44,-0.26,10.026464980241043,14.339999999999998
