,TMAX,TMIN,WMAX,RTOT
2015-07-04,27.44,13.14,7.592759709091287,99.81000000000002
