,TMAX,TMIN,WMAX,RTOT
2015-11-06,22.04,3.04,11.04943437466371,23.229999999999997
