,TMAX,TMIN,WMAX,RTOT
2015-04-02,17.64,-5.36,12.952991932368366,9.419999999999996
