,TMAX,TMIN,WMAX,RTOT
2015-06-07,28.64,10.14,9.94786409235671,37.18000000000001
