,TMAX,TMIN,WMAX,RTOT
2015-01-29,6.34,-4.56,10.689246933250255,2.1299999999999994
