,TMAX,TMIN,WMAX,RTOT
2015-01-20 12:00:00,3.14,-1.86,7.543208866258444,0.38999999999999996
