,TMAX,TMIN,WMAX,RTOT
2015-07-28 12:00:00,31.04,18.24,5.565968020030298,10.709999999999999
