,TMAX,TMIN,WMAX,RTOT
2015-12-11,9.14,-1.36,5.06951674225463,0.4599999999999999
