,TMAX,TMIN,WMAX,RTOT
2015-04-21,19.84,6.04,10.406248123122953,45.95000000000001
