,TMAX,TMIN,WMAX,RTOT
2015-12-21,17.64,-4.26,14.806079832285114,21.450000000000003
