,TMAX,TMIN,WMAX,RTOT
2015-12-14,17.44,1.04,11.03675676999362,14.030000000000001
