,TMAX,TMIN,WMAX,RTOT
2015-05-10,29.14,13.54,7.632168761236874,17.349999999999998
