,TMAX,TMIN,WMAX,RTOT
2015-01-31 12:00:00,1.24,-6.86,12.701181047445942,25.560000000000002
