,TMAX,TMIN,WMAX,RTOT
2015-09-12,33.24,12.74,7.406078584514209,22.830000000000002
