,TMAX,TMIN,WMAX,RTOT
2015-02-10,4.84,-16.66,9.472592042308166,3.5599999999999996
