,TMAX,TMIN,WMAX,RTOT
2015-04-14,24.44,6.44,12.342204017111369,99.83000000000001
