,TMAX,TMIN,WMAX,RTOT
2015-03-07,6.84,-21.56,11.292475370794484,43.61999999999999
