,TMAX,TMIN,WMAX,RTOT
2015-08-31,29.24,10.84,7.747257579298625,5.5600000000000005
