,TMAX,TMIN,WMAX,RTOT
2015-06-24,31.84,17.84,9.219544457292887,46.550000000000004
