,TMAX,TMIN,WMAX,RTOT
2015-04-27,17.74,2.34,12.403628501370074,23.60000000000001
