,TMAX,TMIN,WMAX,RTOT
2015-11-27 12:00:00,5.44,2.54,7.738862965578341,0.7000000000000001
