,TMAX,TMIN,WMAX,RTOT
2015-06-12 12:00:00,30.24,21.74,6.579513659838392,12.090000000000002
