,TMAX,TMIN,WMAX,RTOT
2015-05-16,27.64,7.04,12.229881438509533,36.32000000000001
