,TMAX,TMIN,WMAX,RTOT
2015-07-07,31.04,13.34,7.547184905645284,22.360000000000003
