,TMAX,TMIN,WMAX,RTOT
2015-10-07,22.84,6.44,9.642613753542138,4.619999999999999
