,TMAX,TMIN,WMAX,RTOT
2015-12-27,16.84,-5.36,11.717508267545622,9.709999999999999
