,TMAX,TMIN,WMAX,RTOT
2015-11-19,17.64,0.14,14.996666296213968,72.46999999999998
