,TMAX,TMIN,WMAX,RTOT
2015-07-09,29.74,13.14,6.3063460101710245,17.630000000000003
