,TMAX,TMIN,WMAX,RTOT
2015-06-02,29.14,12.44,10.82312339391915,86.55000000000001
