,TMAX,TMIN,WMAX,RTOT
2015-06-14,31.94,16.24,10.971326264403952,45.30999999999998
