,TMAX,TMIN,WMAX,RTOT
2015-07-02,31.54,12.24,9.464142856064674,48.239999999999995
