,TMAX,TMIN,WMAX,RTOT
2015-02-25 12:00:00,-6.66,-15.46,5.813776741499454,1.5699999999999998
