,TMAX,TMIN,WMAX,RTOT
2015-03-19 12:00:00,13.24,3.24,4.8166378315169185,0.6000000000000001
