,TMAX,TMIN,WMAX,RTOT
2015-08-08,30.54,16.54,8.819297024139736,172.02999999999997
