,TMAX,TMIN,WMAX,RTOT
2015-03-31,19.64,-4.96,11.652038448271616,21.980000000000008
