,TMAX,TMIN,WMAX,RTOT
2015-12-09,7.34,-1.96,7.433034373659253,1.9200000000000002
