,TMAX,TMIN,WMAX,RTOT
2015-10-17,24.74,6.74,10.373041983911953,0.49000000000000005
