,TMAX,TMIN,WMAX,RTOT
2015-09-29,28.34,10.64,5.423098745182499,0.29000000000000004
