,TMAX,TMIN,WMAX,RTOT
2015-03-17,11.84,-0.66,7.1568149340331555,25.140000000000004
