,TMAX,TMIN,WMAX,RTOT
2015-07-30,31.84,16.44,6.55133574166368,25.710000000000004
