,TMAX,TMIN,WMAX,RTOT
2015-05-15 12:00:00,25.84,18.94,5.950630218724736,3.4899999999999993
