,TMAX,TMIN,WMAX,RTOT
2015-01-24,4.44,-6.46,9.550916186418975,1.8800000000000003
