,TMAX,TMIN,WMAX,RTOT
2015-01-10,3.64,-20.06,10.101980003939822,22.720000000000002
