,TMAX,TMIN,WMAX,RTOT
2015-05-06,26.04,5.34,7.500666637039671,37.07999999999999
