,TMAX,TMIN,WMAX,RTOT
2015-03-18,14.54,0.54,10.417293314484334,30.669999999999998
