,TMAX,TMIN,WMAX,RTOT
2015-12-27 12:00:00,10.14,0.94,14.94590244849738,54.529999999999994
