,TMAX,TMIN,WMAX,RTOT
2015-05-04,25.24,3.64,8.829496021857645,0.3700000000000001
