,TMAX,TMIN,WMAX,RTOT
2015-02-13 12:00:00,-2.96,-16.26,12.854960132182441,0.7100000000000001
