,TMAX,TMIN,WMAX,RTOT
2015-01-25 12:00:00,-1.46,-5.26,8.028075734570521,0.8800000000000001
