,TMAX,TMIN,WMAX,RTOT
2015-08-13,29.14,13.84,7.211102550927978,22.130000000000003
