,TMAX,TMIN,WMAX,RTOT
2015-07-19 12:00:00,29.34,19.54,3.8275318418009276,15.989999999999998
