,TMAX,TMIN,WMAX,RTOT
2015-05-13,27.44,12.94,9.96393496566492,51.350000000000016
