,TMAX,TMIN,WMAX,RTOT
2015-01-13,-4.76,-24.56,9.004998611882181,7.919999999999998
