,TMAX,TMIN,WMAX,RTOT
2015-07-18 12:00:00,31.54,23.54,5.200961449578338,9.959999999999999
