,TMAX,TMIN,WMAX,RTOT
2016-07-05,30.44,9.74,6.029925372672534,1.6500000000000004
