,TMAX,TMIN,WMAX,RTOT
2016-06-29,31.24,16.94,7.441102068914255,29.520000000000003
