,TMAX,TMIN,WMAX,RTOT
2016-06-19,32.64,15.24,8.266196223173026,31.400000000000006
