,TMAX,TMIN,WMAX,RTOT
2016-12-22,10.44,-16.66,8.318653737234168,5.109999999999999
