,TMAX,TMIN,WMAX,RTOT
2016-04-30,24.34,6.74,11.384199576606166,33.65000000000002
