,TMAX,TMIN,WMAX,RTOT
2016-05-21,19.64,3.24,9.1706052144883,6.509999999999998
