,TMAX,TMIN,WMAX,RTOT
2016-11-24,20.54,-1.96,10.3092191750879,36.970000000000006
