,TMAX,TMIN,WMAX,RTOT
2016-05-27 12:00:00,23.14,18.94,8.360023923410747,3.2600000000000002
