,TMAX,TMIN,WMAX,RTOT
2016-12-24,4.74,-16.86,9.617692030835672,11.449999999999998
