,TMAX,TMIN,WMAX,RTOT
2016-02-02 12:00:00,7.14,-2.56,11.595257651298656,0.37000000000000005
