,TMAX,TMIN,WMAX,RTOT
2016-11-08,24.44,7.64,7.9177016867270265,26.690000000000005
