,TMAX,TMIN,WMAX,RTOT
2016-09-24,29.94,13.84,6.229767250869008,13.309999999999999
