,TMAX,TMIN,WMAX,RTOT
2016-09-27 12:00:00,14.34,10.34,6.407807737440318,1.5500000000000003
