,TMAX,TMIN,WMAX,RTOT
2016-10-18,25.74,6.34,8.736704184073076,17.729999999999997
