,TMAX,TMIN,WMAX,RTOT
2016-10-26,24.04,4.04,7.6850504227363405,2.9899999999999993
