,TMAX,TMIN,WMAX,RTOT
2016-06-26,30.64,14.54,7.170076708097341,43.930000000000014
