,TMAX,TMIN,WMAX,RTOT
2016-09-18,26.94,10.54,6.907966415668218,20.529999999999998
