,TMAX,TMIN,WMAX,RTOT
2016-02-11 12:00:00,-4.16,-14.16,9.829038610159186,0.36000000000000004
