,TMAX,TMIN,WMAX,RTOT
2016-02-24 12:00:00,-0.06,-3.16,9.513148795220223,0.22000000000000006
