,TMAX,TMIN,WMAX,RTOT
2016-04-11,18.24,-2.06,14.431216164966832,14.709999999999999
