,TMAX,TMIN,WMAX,RTOT
2016-06-13 12:00:00,29.34,20.64,4.6097722286464435,16.259999999999998
