,TMAX,TMIN,WMAX,RTOT
2016-04-05 12:00:00,14.44,6.44,15.654072952429985,10.260000000000002
