,TMAX,TMIN,WMAX,RTOT
2016-05-08 12:00:00,22.64,12.34,8.523496934944014,21.689999999999998
