,TMAX,TMIN,WMAX,RTOT
2016-06-23,31.24,15.44,7.170076708097341,13.759999999999998
