,TMAX,TMIN,WMAX,RTOT
2016-03-14,18.64,0.94,11.22853507809456,28.120000000000008
