,TMAX,TMIN,WMAX,RTOT
2016-05-04 12:00:00,17.74,6.34,9.192388155425117,0.09000000000000001
