,TMAX,TMIN,WMAX,RTOT
2016-09-19,27.14,11.34,7.818567643756751,30.810000000000002
