,TMAX,TMIN,WMAX,RTOT
2016-09-30,29.94,8.44,5.913543776789007,14.259999999999998
