,TMAX,TMIN,WMAX,RTOT
2016-12-20,11.84,-13.36,10.283968105745952,18.360000000000003
