,TMAX,TMIN,WMAX,RTOT
2016-02-02,8.74,-4.56,11.40175425099138,2.5800000000000005
