,TMAX,TMIN,WMAX,RTOT
2016-09-07,29.34,11.14,7.0710678118654755,11.949999999999998
