,TMAX,TMIN,WMAX,RTOT
2016-11-07,24.24,7.04,6.726812023536855,16.099999999999998
