,TMAX,TMIN,WMAX,RTOT
2016-12-04 12:00:00,2.24,-5.46,3.6496575181789317,0.060000000000000005
