,TMAX,TMIN,WMAX,RTOT
2016-06-21 12:00:00,28.74,17.44,7.441102068914255,14.910000000000002
