,TMAX,TMIN,WMAX,RTOT
2016-08-07 12:00:00,26.74,17.24,4.304648650006176,0.33999999999999997
