,TMAX,TMIN,WMAX,RTOT
2016-03-23,21.44,-1.86,14.72311108427835,12.489999999999998
