,TMAX,TMIN,WMAX,RTOT
2016-08-12,33.24,15.34,4.7169905660283025,7.940000000000001
