,TMAX,TMIN,WMAX,RTOT
2016-02-29 12:00:00,7.34,-4.46,10.218121158021175,3.1700000000000004
