,TMAX,TMIN,WMAX,RTOT
2016-10-16,21.44,5.24,7.353910524340094,10.709999999999999
