,TMAX,TMIN,WMAX,RTOT
2016-03-11,14.84,-2.66,12.700393694685216,37.40999999999998
