,TMAX,TMIN,WMAX,RTOT
2016-10-30,20.24,3.54,8.221921916437786,8.919999999999998
