,TMAX,TMIN,WMAX,RTOT
2016-10-24,27.24,6.44,9.90050503762308,6.119999999999999
