,TMAX,TMIN,WMAX,RTOT
2016-08-01,31.44,17.44,5.5362442142665635,25.620000000000005
