,TMAX,TMIN,WMAX,RTOT
2016-01-11,7.84,-4.86,8.828363381737296,12.249999999999998
