,TMAX,TMIN,WMAX,RTOT
2016-08-02,29.14,18.34,3.83275357934736,35.17000000000001
