,TMAX,TMIN,WMAX,RTOT
2016-09-16 12:00:00,27.54,18.14,3.3015148038438356,2.8600000000000003
