,TMAX,TMIN,WMAX,RTOT
2016-05-01,26.84,7.54,10.770329614269007,38.779999999999994
