,TMAX,TMIN,WMAX,RTOT
2016-03-02,11.24,-6.36,15.973102391207538,31.610000000000003
