,TMAX,TMIN,WMAX,RTOT
2016-08-08,33.04,19.24,4.743416490252569,52.959999999999994
