,TMAX,TMIN,WMAX,RTOT
2016-07-04 12:00:00,27.84,18.34,3.313608305156178,0.22999999999999998
