,TMAX,TMIN,WMAX,RTOT
2016-09-11,31.44,12.84,7.1847059786744225,16.590000000000003
