,TMAX,TMIN,WMAX,RTOT
2016-01-18,4.94,-12.26,10.570241246064349,8.129999999999999
