,TMAX,TMIN,WMAX,RTOT
2016-10-25,27.44,3.44,10.218121158021175,1.8900000000000003
