,TMAX,TMIN,WMAX,RTOT
2016-08-25,28.54,11.54,5.60802995712398,18.279999999999998
