,TMAX,TMIN,WMAX,RTOT
2016-01-18 12:00:00,-9.76,-15.86,4.186884283091665,1.5699999999999998
