,TMAX,TMIN,WMAX,RTOT
2016-11-02 12:00:00,19.24,10.74,5.217278984298233,5.8999999999999995
