,TMAX,TMIN,WMAX,RTOT
2016-04-20 12:00:00,20.74,12.74,10.771258050942796,8.549999999999999
