,TMAX,TMIN,WMAX,RTOT
2016-06-28,31.14,14.24,8.778382538941898,54.769999999999996
