,TMAX,TMIN,WMAX,RTOT
2016-02-18,3.24,-15.36,8.723531395025756,8.559999999999999
