,TMAX,TMIN,WMAX,RTOT
2016-10-02 12:00:00,21.34,11.14,3.0528675044947495,0.33999999999999997
