,TMAX,TMIN,WMAX,RTOT
2016-11-21,19.74,-0.76,10.383159442096611,4.9799999999999995
