,TMAX,TMIN,WMAX,RTOT
2016-06-14 12:00:00,31.74,22.24,5.346026561849464,1.4100000000000001
