,TMAX,TMIN,WMAX,RTOT
2016-01-09 12:00:00,-3.96,-11.56,12.794139283281233,0.33000000000000007
