,TMAX,TMIN,WMAX,RTOT
2016-11-25,21.24,-2.66,10.748953437428222,13.699999999999996
