,TMAX,TMIN,WMAX,RTOT
2016-07-30,31.44,17.54,4.8373546489791295,52.37999999999999
