,TMAX,TMIN,WMAX,RTOT
2016-10-20,26.44,6.44,11.027692415006868,25.560000000000002
