,TMAX,TMIN,WMAX,RTOT
2016-03-16,17.84,4.74,11.299999999999999,75.44000000000001
