,TMAX,TMIN,WMAX,RTOT
2016-05-29,28.44,10.64,7.723341245859852,46.24999999999999
