,TMAX,TMIN,WMAX,RTOT
2016-11-03,24.84,7.54,9.386160024205852,5.249999999999998
