,TMAX,TMIN,WMAX,RTOT
2016-06-03 12:00:00,23.54,16.34,5.080354318352215,10.700000000000001
