,TMAX,TMIN,WMAX,RTOT
2016-08-31,29.94,16.44,6.573431371817918,22.390000000000008
