,TMAX,TMIN,WMAX,RTOT
2016-09-07 12:00:00,26.44,20.84,6.700746227100382,2.4699999999999998
