,TMAX,TMIN,WMAX,RTOT
2016-07-19,30.84,16.44,7.213875518748574,24.82999999999999
