,TMAX,TMIN,WMAX,RTOT
2016-12-11,7.14,-8.86,7.368174807915458,6.249999999999998
