,TMAX,TMIN,WMAX,RTOT
2016-07-20,32.04,14.84,6.519202405202649,33.160000000000004
