,TMAX,TMIN,WMAX,RTOT
2016-04-29 12:00:00,14.84,11.04,8.736704184073076,14.629999999999997
