,TMAX,TMIN,WMAX,RTOT
2016-01-24,0.04,-15.96,10.430723848324238,26.869999999999994
