,TMAX,TMIN,WMAX,RTOT
2016-05-19,24.14,3.54,9.57131129992124,51.99000000000002
