,TMAX,TMIN,WMAX,RTOT
2016-05-15,27.64,8.34,11.142710621747296,69.80000000000001
