,TMAX,TMIN,WMAX,RTOT
2016-02-16,2.54,-13.56,10.846197490365,3.379999999999999
