,TMAX,TMIN,WMAX,RTOT
2016-08-13,31.34,15.84,4.356604182158392,19.559999999999995
