,TMAX,TMIN,WMAX,RTOT
2016-10-04,21.74,9.24,7.831347265956222,1.6300000000000003
