,TMAX,TMIN,WMAX,RTOT
2016-06-02,29.84,17.44,7.495331880577404,41.580000000000005
