,TMAX,TMIN,WMAX,RTOT
2016-02-19,5.04,-15.76,11.006361796706484,7.829999999999999
