,TMAX,TMIN,WMAX,RTOT
2016-01-17,5.44,-14.16,12.794139283281233,28.87000000000001
