,TMAX,TMIN,WMAX,RTOT
2016-09-03,30.34,15.44,4.459820624195552,23.85000000000001
