,TMAX,TMIN,WMAX,RTOT
2016-08-29,30.34,10.94,7.0710678118654755,10.079999999999998
