,TMAX,TMIN,WMAX,RTOT
2016-09-23,27.44,13.14,6.514598989960933,23.210000000000004
