,TMAX,TMIN,WMAX,RTOT
2016-12-09 12:00:00,-2.56,-6.96,4.4777226354476225,0.09999999999999999
