,TMAX,TMIN,WMAX,RTOT
2016-04-01,19.14,0.84,16.362457028209427,54.62999999999999
