,TMAX,TMIN,WMAX,RTOT
2016-06-03,28.94,16.94,8.48999411071645,37.349999999999994
