,TMAX,TMIN,WMAX,RTOT
2016-09-23 12:00:00,28.54,19.34,4.295346318982906,0.5900000000000001
