,TMAX,TMIN,WMAX,RTOT
2016-07-27,33.74,15.74,5.141984052872976,23.179999999999996
