,TMAX,TMIN,WMAX,RTOT
2016-11-14,18.24,2.34,6.264982043070835,6.1099999999999985
