,TMAX,TMIN,WMAX,RTOT
2016-12-25,2.74,-17.66,8.348652585896719,2.2300000000000004
