,TMAX,TMIN,WMAX,RTOT
2016-10-14,27.84,6.54,6.449806198638839,8.329999999999998
