,TMAX,TMIN,WMAX,RTOT
2016-03-04,14.44,-7.86,17.118703221914913,7.959999999999996
