,TMAX,TMIN,WMAX,RTOT
2016-02-28,17.24,-4.16,9.54829827770373,2.0700000000000003
