,TMAX,TMIN,WMAX,RTOT
2016-12-03,12.44,-0.56,9.850888284819803,13.869999999999997
