,TMAX,TMIN,WMAX,RTOT
2016-10-15 12:00:00,23.54,17.14,7.057619995437555,3.5399999999999996
