,TMAX,TMIN,WMAX,RTOT
2016-06-24,29.44,11.74,6.747592163134936,0.16999999999999998
