,TMAX,TMIN,WMAX,RTOT
2016-03-22 12:00:00,14.74,11.64,12.146192819151192,2.2800000000000002
