,TMAX,TMIN,WMAX,RTOT
2016-05-20,19.14,3.04,9.269843580125826,32.82000000000001
