,TMAX,TMIN,WMAX,RTOT
2016-07-07,28.64,9.94,8.448076704197234,151.68999999999997
