,TMAX,TMIN,WMAX,RTOT
2016-08-06,32.14,18.04,4.743416490252569,18.740000000000002
