,TMAX,TMIN,WMAX,RTOT
2016-02-03,10.74,-4.46,10.932977636490437,2.7800000000000002
