,TMAX,TMIN,WMAX,RTOT
2016-07-09,32.94,11.24,6.815423684555495,91.69999999999999
