,TMAX,TMIN,WMAX,RTOT
2016-09-12,31.14,15.24,6.850547423381579,18.389999999999997
