,TMAX,TMIN,WMAX,RTOT
2016-02-29,9.34,-14.26,15.859697348940806,22.240000000000002
