,TMAX,TMIN,WMAX,RTOT
2016-05-13,25.54,6.54,9.377632963600142,45.620000000000005
