,TMAX,TMIN,WMAX,RTOT
2016-12-18,11.24,-12.56,11.208925015361643,28.769999999999996
