,TMAX,TMIN,WMAX,RTOT
2016-08-07,32.34,15.24,4.606517122512408,54.67999999999999
