,TMAX,TMIN,WMAX,RTOT
2016-08-23,28.64,11.54,8.266196223173026,116.88000000000001
