,TMAX,TMIN,WMAX,RTOT
2016-02-14,6.54,-14.26,10.198039027185569,4.219999999999999
