,TMAX,TMIN,WMAX,RTOT
2016-02-23,14.74,-7.26,14.647866738880444,0.9300000000000002
