,TMAX,TMIN,WMAX,RTOT
2016-12-05,12.84,-1.86,10.235721762533407,21.169999999999998
