,TMAX,TMIN,WMAX,RTOT
2016-05-25,25.74,5.84,5.456189146281496,3.1799999999999993
