,TMAX,TMIN,WMAX,RTOT
2016-04-15,14.64,-2.66,12.822636234409833,50.25000000000001
