,TMAX,TMIN,WMAX,RTOT
2016-08-17,31.94,17.24,4.338202392696772,14.350000000000001
