,TMAX,TMIN,WMAX,RTOT
2016-09-28 12:00:00,19.64,13.14,6.040695324215583,2.2299999999999995
