,TMAX,TMIN,WMAX,RTOT
2016-02-01,7.84,-5.76,10.689246933250255,2.9499999999999997
