,TMAX,TMIN,WMAX,RTOT
2016-07-30 12:00:00,26.84,15.24,2.33452350598575,0.060000000000000005
