,TMAX,TMIN,WMAX,RTOT
2016-04-02,16.84,-0.36,13.544740676735012,19.009999999999998
