,TMAX,TMIN,WMAX,RTOT
2016-01-19,4.44,-12.96,12.57060062208644,28.960000000000004
