,TMAX,TMIN,WMAX,RTOT
2016-03-01,11.74,-5.76,14.406942770761603,26.950000000000003
