,TMAX,TMIN,WMAX,RTOT
2016-10-05,24.04,9.94,7.516648189186454,9.769999999999998
