,TMAX,TMIN,WMAX,RTOT
2016-02-24,14.44,-5.56,14.212670403551895,1.1199999999999999
