,TMAX,TMIN,WMAX,RTOT
2016-05-09 12:00:00,25.64,17.24,9.49210198006743,4.3999999999999995
