,TMAX,TMIN,WMAX,RTOT
2016-07-13,31.34,15.14,8.209750300709516,32.39000000000001
