,TMAX,TMIN,WMAX,RTOT
2016-01-30,4.24,-8.96,10.062305898749054,2.6399999999999997
