,TMAX,TMIN,WMAX,RTOT
2016-08-30 12:00:00,26.84,14.44,4.801041553663121,6.000000000000001
