,TMAX,TMIN,WMAX,RTOT
2016-06-11,28.64,11.84,8.538149682454625,12.159999999999995
