,TMAX,TMIN,WMAX,RTOT
2016-06-21,31.64,15.64,6.579513659838392,28.30999999999999
