,TMAX,TMIN,WMAX,RTOT
2016-12-12,4.34,-9.36,7.11125867902441,17.219999999999995
