,TMAX,TMIN,WMAX,RTOT
2016-02-04,11.54,-3.66,11.926860441876562,29.000000000000004
