,TMAX,TMIN,WMAX,RTOT
2017-01-03,14.94,-2.96,9.613532129243652,10.620000000000003
