,TMAX,TMIN,WMAX,RTOT
2016-12-17,4.04,-19.46,8.570297544426332,20.289999999999996
