,TMAX,TMIN,WMAX,RTOT
2016-07-08,31.04,9.94,7.831347265956222,74.96000000000001
