,TMAX,TMIN,WMAX,RTOT
2016-09-05,29.94,11.94,6.107372593840989,17.790000000000003
