,TMAX,TMIN,WMAX,RTOT
2016-11-30,11.94,0.44,10.026464980241043,52.589999999999996
