,TMAX,TMIN,WMAX,RTOT
2016-05-24,23.24,5.84,5.88727441181401,8.609999999999998
