,TMAX,TMIN,WMAX,RTOT
2016-05-18,27.04,4.94,10.140019723846695,59.57999999999999
