,TMAX,TMIN,WMAX,RTOT
2016-12-03 12:00:00,2.34,1.14,4.295346318982906,5.489999999999999
