,TMAX,TMIN,WMAX,RTOT
2016-08-11,31.24,14.14,4.341658669218481,20.099999999999998
