,TMAX,TMIN,WMAX,RTOT
2016-05-04,25.04,6.44,8.845903006477068,73.01999999999997
