,TMAX,TMIN,WMAX,RTOT
2016-12-09,6.64,-8.26,8.028075734570521,9.729999999999999
