,TMAX,TMIN,WMAX,RTOT
2016-03-13 12:00:00,17.44,11.84,3.3970575502926055,0.9900000000000001
