,TMAX,TMIN,WMAX,RTOT
2016-03-26,16.84,-0.66,13.274034804836093,95.36000000000003
