,TMAX,TMIN,WMAX,RTOT
2016-07-02,29.94,10.64,7.409453421137082,28.880000000000003
