,TMAX,TMIN,WMAX,RTOT
2016-07-21 12:00:00,33.14,23.94,4.070626487409524,2.5700000000000003
