,TMAX,TMIN,WMAX,RTOT
2016-12-19,8.74,-14.46,12.935609765295178,12.639999999999999
