,TMAX,TMIN,WMAX,RTOT
2016-09-04 12:00:00,29.14,18.04,5.852349955359812,0.11000000000000001
