,TMAX,TMIN,WMAX,RTOT
2016-07-11,31.74,14.54,7.981227975693966,32.059999999999995
