,TMAX,TMIN,WMAX,RTOT
2016-07-23 12:00:00,31.64,23.74,5.458937625582473,8.059999999999999
