,TMAX,TMIN,WMAX,RTOT
2016-08-23 12:00:00,29.94,19.94,6.573431371817918,8.459999999999999
