,TMAX,TMIN,WMAX,RTOT
2016-04-22,23.74,5.14,6.103277807866851,8.669999999999998
