,TMAX,TMIN,WMAX,RTOT
2016-01-29,2.94,-9.96,10.791200118615166,2.7300000000000004
