,TMAX,TMIN,WMAX,RTOT
2016-12-29 12:00:00,1.94,-1.66,7.964923100695951,0.31000000000000005
