,TMAX,TMIN,WMAX,RTOT
2016-02-05,14.04,-9.86,12.560254774486067,25.799999999999997
