,TMAX,TMIN,WMAX,RTOT
2016-10-25 12:00:00,15.94,7.64,6.946221994724902,3.7199999999999998
