,TMAX,TMIN,WMAX,RTOT
2016-03-07,15.24,-7.26,13.26386067478093,55.739999999999995
