,TMAX,TMIN,WMAX,RTOT
2016-08-28,28.24,11.14,7.119691004531025,10.490000000000002
