,TMAX,TMIN,WMAX,RTOT
2016-08-09 12:00:00,31.24,19.64,2.716615541441225,0.29000000000000004
