,TMAX,TMIN,WMAX,RTOT
2016-05-28,27.54,11.04,9.31933474020544,29.640000000000004
