,TMAX,TMIN,WMAX,RTOT
2016-03-12,15.94,-2.66,12.175795661885921,120.59000000000003
