,TMAX,TMIN,WMAX,RTOT
2016-01-25,-0.16,-16.46,8.786353054595518,13.629999999999999
