,TMAX,TMIN,WMAX,RTOT
2016-01-30 12:00:00,12.44,4.04,8.514693182963201,1.5200000000000002
