,TMAX,TMIN,WMAX,RTOT
2016-08-22,28.94,13.64,7.026378868236469,71.36000000000001
