,TMAX,TMIN,WMAX,RTOT
2016-08-14,31.54,15.54,5.458937625582473,27.509999999999998
