,TMAX,TMIN,WMAX,RTOT
2016-03-31 12:00:00,11.94,3.54,10.50047617967871,0.29000000000000004
