,TMAX,TMIN,WMAX,RTOT
2016-05-09,26.84,5.84,8.854377448471462,14.749999999999996
