,TMAX,TMIN,WMAX,RTOT
2017-01-01,15.64,-3.76,11.253888216967502,15.869999999999997
