,TMAX,TMIN,WMAX,RTOT
2016-02-03 12:00:00,0.74,-4.46,6.685057965343308,0.15000000000000002
