,TMAX,TMIN,WMAX,RTOT
2016-03-09,18.34,-4.86,11.482595525402782,18.81000000000001
