,TMAX,TMIN,WMAX,RTOT
2016-02-07 12:00:00,0.94,-4.76,9.152595260361949,2.0199999999999996
