,TMAX,TMIN,WMAX,RTOT
2016-09-15,30.54,10.64,8.22009732302483,28.049999999999997
