,TMAX,TMIN,WMAX,RTOT
2016-05-31 12:00:00,26.84,17.94,3.413209633175202,4.3100000000000005
