,TMAX,TMIN,WMAX,RTOT
2016-04-12,16.74,-3.06,14.892951352905172,24.099999999999998
