,TMAX,TMIN,WMAX,RTOT
2016-05-24 12:00:00,27.94,17.04,7.907591289387686,9.080000000000002
