,TMAX,TMIN,WMAX,RTOT
2016-03-24,15.74,-1.96,13.188252348207476,3.1600000000000006
