,TMAX,TMIN,WMAX,RTOT
2016-12-28 12:00:00,1.34,-1.56,9.270382947861432,0.32000000000000006
