,TMAX,TMIN,WMAX,RTOT
2016-06-22,31.74,15.64,7.746612162745725,51.40999999999999
