,TMAX,TMIN,WMAX,RTOT
2016-07-10,30.74,12.74,8.792041856133308,117.12000000000002
