,TMAX,TMIN,WMAX,RTOT
2016-06-10,28.94,12.94,8.234682750416072,24.229999999999997
