,TMAX,TMIN,WMAX,RTOT
2016-05-15 12:00:00,13.94,5.54,5.693856338194704,3.0599999999999996
