,TMAX,TMIN,WMAX,RTOT
2016-08-04,31.74,18.24,4.313930922024598,22.720000000000006
