,TMAX,TMIN,WMAX,RTOT
2016-08-15,32.44,16.14,5.053711507397311,9.239999999999998
