,TMAX,TMIN,WMAX,RTOT
2016-08-24,28.24,9.24,6.370243323453194,13.179999999999998
