,TMAX,TMIN,WMAX,RTOT
2016-02-17,1.74,-13.66,8.572630868059116,5.8999999999999995
