,TMAX,TMIN,WMAX,RTOT
2016-02-26,15.84,-1.36,14.590750494748377,0.5800000000000002
