,TMAX,TMIN,WMAX,RTOT
2016-09-02,30.54,19.44,5.1478150704935,30.240000000000002
