,TMAX,TMIN,WMAX,RTOT
2016-08-30,29.94,14.44,7.0802542327235685,24.230000000000004
