,TMAX,TMIN,WMAX,RTOT
2016-04-14,16.14,-3.76,11.870130580579138,48.019999999999996
