,TMAX,TMIN,WMAX,RTOT
2016-08-09,33.84,16.74,4.588027898781785,23.870000000000005
