,TMAX,TMIN,WMAX,RTOT
2016-09-08,31.14,11.24,6.685057965343308,1.7300000000000002
