,TMAX,TMIN,WMAX,RTOT
2016-12-15,2.04,-9.56,7.547184905645284,8.899999999999999
