,TMAX,TMIN,WMAX,RTOT
2016-01-23,8.24,-16.96,8.497058314499201,17.330000000000002
