,TMAX,TMIN,WMAX,RTOT
2016-01-20,5.04,-15.16,11.667476162392619,12.139999999999999
