,TMAX,TMIN,WMAX,RTOT
2016-09-13,31.04,12.44,8.920201791439473,81.97000000000001
