,TMAX,TMIN,WMAX,RTOT
2016-12-29,15.14,-4.26,12.501599897613104,20.400000000000002
