,TMAX,TMIN,WMAX,RTOT
2016-01-28,0.64,-11.16,8.149233092751734,3.0199999999999996
