,TMAX,TMIN,WMAX,RTOT
2016-07-12,30.94,13.44,8.497058314499201,19.939999999999998
