,TMAX,TMIN,WMAX,RTOT
2016-05-13 12:00:00,8.44,4.14,8.060397012554656,0.16999999999999998
