,TMAX,TMIN,WMAX,RTOT
2016-11-23,20.24,-2.36,9.808669634563088,17.839999999999996
