,TMAX,TMIN,WMAX,RTOT
2016-04-04,17.34,0.34,14.534441853748634,23.180000000000003
