,TMAX,TMIN,WMAX,RTOT
2016-04-23,23.84,8.54,7.000714249274855,24.310000000000002
