,TMAX,TMIN,WMAX,RTOT
2016-02-09,13.64,-4.66,12.34382436686459,15.219999999999997
