,TMAX,TMIN,WMAX,RTOT
2016-01-21,5.64,-17.16,9.571833680126291,7.829999999999999
