,TMAX,TMIN,WMAX,RTOT
2016-01-26,1.14,-17.46,8.363013810822029,4.289999999999997
