,TMAX,TMIN,WMAX,RTOT
2017-01-07,11.94,-12.36,9.10823802938856,9.569999999999999
