,TMAX,TMIN,WMAX,RTOT
2016-09-25,28.94,14.74,6.80147042925278,8.149999999999999
