,TMAX,TMIN,WMAX,RTOT
2016-06-19 12:00:00,30.84,22.34,6.129437168288782,4.470000000000001
