,TMAX,TMIN,WMAX,RTOT
2016-11-17 12:00:00,19.14,5.24,10.748953437428222,8.200000000000001
