,TMAX,TMIN,WMAX,RTOT
2016-08-16,33.14,17.94,4.565084884205331,41.010000000000005
