,TMAX,TMIN,WMAX,RTOT
2016-03-06,14.04,-8.16,14.160508465447137,5.679999999999999
