,TMAX,TMIN,WMAX,RTOT
2016-02-18 12:00:00,15.84,4.34,14.590750494748377,0.21000000000000002
