,TMAX,TMIN,WMAX,RTOT
2016-01-15,8.24,-13.66,10.704204781299731,18.439999999999998
