,TMAX,TMIN,WMAX,RTOT
2016-07-11 12:00:00,29.24,20.84,5.578530272392541,2.8400000000000003
