,TMAX,TMIN,WMAX,RTOT
2016-03-08,15.74,-6.56,10.218121158021175,17.920000000000016
