,TMAX,TMIN,WMAX,RTOT
2016-02-11,7.04,-17.26,10.778682665335314,3.9099999999999997
