,TMAX,TMIN,WMAX,RTOT
2016-03-26 12:00:00,16.04,5.54,7.76659513557904,6.239999999999999
