,TMAX,TMIN,WMAX,RTOT
2016-09-21,28.34,13.94,4.720169488482378,13.739999999999998
