,TMAX,TMIN,WMAX,RTOT
2016-04-07 12:00:00,6.14,-1.36,12.731457104353767,0.30000000000000004
