,TMAX,TMIN,WMAX,RTOT
2016-10-08,26.34,11.14,7.810249675906654,24.269999999999996
