,TMAX,TMIN,WMAX,RTOT
2016-03-23 12:00:00,16.34,1.54,13.635981812836214,14.339999999999998
