,TMAX,TMIN,WMAX,RTOT
2016-12-28,14.54,-12.26,13.649908424601243,16.400000000000002
