,TMAX,TMIN,WMAX,RTOT
2016-12-05 12:00:00,3.04,-2.46,6.352952069707436,1.4500000000000002
