,TMAX,TMIN,WMAX,RTOT
2016-12-17 12:00:00,-6.66,-17.66,8.348652585896719,0.23000000000000004
