,TMAX,TMIN,WMAX,RTOT
2016-12-27,15.24,-17.96,11.733712115098104,17.870000000000005
