,TMAX,TMIN,WMAX,RTOT
2016-06-05,28.54,10.34,7.692203845452875,26.240000000000002
