,TMAX,TMIN,WMAX,RTOT
2016-06-18 12:00:00,28.94,18.34,4.887739763939975,2.4799999999999995
