,TMAX,TMIN,WMAX,RTOT
2016-04-26,26.14,5.94,12.57060062208644,18.339999999999996
