,TMAX,TMIN,WMAX,RTOT
2017-01-06,11.34,-6.56,9.684007434941385,19.690000000000005
