,TMAX,TMIN,WMAX,RTOT
2016-11-04,25.34,7.04,7.874642849044013,5.859999999999999
