,TMAX,TMIN,WMAX,RTOT
2016-03-14 12:00:00,19.74,11.04,9.433981132056605,1.4100000000000001
