,TMAX,TMIN,WMAX,RTOT
2016-02-12,6.34,-14.76,10.466135867644754,4.869999999999999
