,TMAX,TMIN,WMAX,RTOT
2016-12-01,12.44,1.04,9.239588735436225,58.81000000000001
