,TMAX,TMIN,WMAX,RTOT
2016-07-29,33.14,17.74,4.701063709417263,27.630000000000003
