,TMAX,TMIN,WMAX,RTOT
2016-10-29,20.14,4.64,7.912016177940993,7.919999999999998
