,TMAX,TMIN,WMAX,RTOT
2016-04-19,22.64,0.74,7.4404300950953095,1.6500000000000004
