,TMAX,TMIN,WMAX,RTOT
2016-04-15 12:00:00,22.74,12.44,5.015974481593781,0.5700000000000001
