,TMAX,TMIN,WMAX,RTOT
2016-12-10,6.34,-8.56,7.8089692021418555,8.200000000000001
