,TMAX,TMIN,WMAX,RTOT
2016-01-14,9.14,-10.46,9.501578816175762,18.369999999999997
