,TMAX,TMIN,WMAX,RTOT
2016-01-25 12:00:00,1.34,-2.76,11.40175425099138,0.5700000000000001
