,TMAX,TMIN,WMAX,RTOT
2016-11-02,24.34,5.94,9.330058949438637,3.9999999999999996
