,TMAX,TMIN,WMAX,RTOT
2016-02-21,14.64,-14.16,12.434226956268734,15.849999999999998
