,TMAX,TMIN,WMAX,RTOT
2016-03-30,16.24,-1.16,12.164292005702592,20.819999999999997
