,TMAX,TMIN,WMAX,RTOT
2016-12-07,13.24,-1.06,7.668767828015137,10.339999999999998
