,TMAX,TMIN,WMAX,RTOT
2016-01-13,8.04,-12.26,9.7082439194738,7.019999999999999
