,TMAX,TMIN,WMAX,RTOT
2016-04-24,24.44,9.74,6.576473218982953,21.020000000000003
