,TMAX,TMIN,WMAX,RTOT
2016-03-03,14.94,-7.76,15.380507143784303,46.600000000000016
