,TMAX,TMIN,WMAX,RTOT
2016-07-15,31.04,12.94,7.158910531638177,27.230000000000004
