,TMAX,TMIN,WMAX,RTOT
2016-04-28,23.14,4.54,10.771258050942796,44.22999999999998
