,TMAX,TMIN,WMAX,RTOT
2016-11-29,9.54,-2.86,9.962429422585638,52.81000000000002
