,TMAX,TMIN,WMAX,RTOT
2016-05-08,21.64,6.64,10.001999800039991,23.380000000000003
