,TMAX,TMIN,WMAX,RTOT
2016-02-14 12:00:00,0.34,-4.76,5.1351728305871065,0.24999999999999997
