,TMAX,TMIN,WMAX,RTOT
2016-04-10,21.84,-0.66,17.123083834403193,15.199999999999996
