,TMAX,TMIN,WMAX,RTOT
2017-01-08,11.44,-11.96,8.931965069345043,4.919999999999999
