,TMAX,TMIN,WMAX,RTOT
2016-06-27,30.84,17.34,8.409518416651455,52.490000000000016
