,TMAX,TMIN,WMAX,RTOT
2016-04-16,19.34,-3.06,11.901260437449473,20.850000000000005
