,TMAX,TMIN,WMAX,RTOT
2016-11-26,20.44,-3.06,10.420172743289816,17.259999999999998
