,TMAX,TMIN,WMAX,RTOT
2016-10-06,27.04,10.14,7.725283166331186,7.599999999999999
