,TMAX,TMIN,WMAX,RTOT
2016-02-15,8.34,-15.46,9.929753269845127,4.439999999999998
