,TMAX,TMIN,WMAX,RTOT
2016-10-07,26.04,9.84,7.155417527999328,8.399999999999999
