,TMAX,TMIN,WMAX,RTOT
2016-11-05,24.64,6.54,7.742092740338364,8.889999999999999
