,TMAX,TMIN,WMAX,RTOT
2016-07-16,30.64,13.84,7.021395872616783,43.550000000000004
