,TMAX,TMIN,WMAX,RTOT
2016-03-28,15.84,-1.36,12.839003076563225,7.510000000000002
