,TMAX,TMIN,WMAX,RTOT
2016-08-03,33.04,16.94,4.805205510693586,15.549999999999997
