,TMAX,TMIN,WMAX,RTOT
2016-11-18 12:00:00,5.24,-1.96,10.420172743289816,0.060000000000000005
