,TMAX,TMIN,WMAX,RTOT
2016-10-09,26.74,9.64,7.6557168181692825,25.190000000000005
