,TMAX,TMIN,WMAX,RTOT
2017-01-05,9.04,-6.66,9.270382947861432,5.689999999999999
