,TMAX,TMIN,WMAX,RTOT
2016-04-06,20.04,-0.36,15.921369287847073,21.94000000000001
