,TMAX,TMIN,WMAX,RTOT
2016-07-01,30.24,10.54,7.003570517957251,17.459999999999997
