,TMAX,TMIN,WMAX,RTOT
2016-12-06,13.04,-0.06,9.304837451562493,15.879999999999997
