,TMAX,TMIN,WMAX,RTOT
2016-06-22 12:00:00,27.94,18.04,5.323532661682466,0.7300000000000001
