,TMAX,TMIN,WMAX,RTOT
2016-02-07,12.44,-9.26,13.08166656049603,14.900000000000002
