,TMAX,TMIN,WMAX,RTOT
2016-06-20,32.74,14.24,6.488451279003334,16.970000000000006
