,TMAX,TMIN,WMAX,RTOT
2016-09-10,31.24,12.34,5.714017850864661,16.259999999999998
