,TMAX,TMIN,WMAX,RTOT
2016-11-20,18.44,1.54,10.945775440780794,10.190000000000001
