,TMAX,TMIN,WMAX,RTOT
2016-09-06,29.54,11.04,7.559100475585703,13.759999999999998
