,TMAX,TMIN,WMAX,RTOT
2016-09-20,27.14,13.74,4.809365862564419,22.290000000000006
