,TMAX,TMIN,WMAX,RTOT
2016-02-20,14.54,-15.26,12.95414991421668,12.189999999999992
