,TMAX,TMIN,WMAX,RTOT
2016-10-13,27.14,7.74,7.951100552753688,6.8199999999999985
