,TMAX,TMIN,WMAX,RTOT
2017-06-26,28.94,11.54,8.372574275573792,11.809999999999999
