,TMAX,TMIN,WMAX,RTOT
2017-01-18 12:00:00,6.84,0.74,4.386342439892262,2.6500000000000004
