,TMAX,TMIN,WMAX,RTOT
2017-09-03,26.14,13.14,4.972926703662543,20.860000000000003
