,TMAX,TMIN,WMAX,RTOT
2017-08-04 12:00:00,23.04,12.04,3.27566787083184,0.6500000000000001
