,TMAX,TMIN,WMAX,RTOT
2017-11-09,22.04,2.14,8.996110270555825,54.99000000000001
