,TMAX,TMIN,WMAX,RTOT
2017-01-14,16.34,-15.66,11.236102527122116,28.900000000000006
