,TMAX,TMIN,WMAX,RTOT
2017-03-22,13.34,-8.56,9.406912352095134,14.049999999999997
