,TMAX,TMIN,WMAX,RTOT
2017-04-29 12:00:00,20.64,12.54,9.507891459203769,59.17999999999999
