,TMAX,TMIN,WMAX,RTOT
2017-07-18 12:00:00,30.74,16.84,2.3706539182259396,1.8699999999999999
