,TMAX,TMIN,WMAX,RTOT
2017-08-31,25.54,11.84,4.66476151587624,20.070000000000007
