,TMAX,TMIN,WMAX,RTOT
2017-04-20,24.74,7.14,12.402015965156632,53.999999999999986
