,TMAX,TMIN,WMAX,RTOT
2017-09-30,31.84,10.14,5.510898293381942,5.389999999999999
