,TMAX,TMIN,WMAX,RTOT
2017-06-14,30.44,11.14,7.220110802473879,0.9800000000000001
