,TMAX,TMIN,WMAX,RTOT
2017-03-19,2.94,-9.76,8.472307831990054,27.310000000000002
