,TMAX,TMIN,WMAX,RTOT
2017-11-23,16.34,-2.86,10.73312629199899,37.00000000000001
