,TMAX,TMIN,WMAX,RTOT
2017-12-10 12:00:00,6.54,-3.06,7.559100475585703,0.06999999999999999
