,TMAX,TMIN,WMAX,RTOT
2017-07-10,29.54,13.04,6.4621977685614045,67.56000000000002
