,TMAX,TMIN,WMAX,RTOT
2017-12-22 12:00:00,3.04,-2.36,6.44980619863884,3.2899999999999996
