,TMAX,TMIN,WMAX,RTOT
2018-01-05,-7.66,-25.76,7.920858539325141,15.749999999999998
