,TMAX,TMIN,WMAX,RTOT
2017-12-05,15.64,1.04,8.407734534343957,3.3299999999999996
