,TMAX,TMIN,WMAX,RTOT
2017-12-28,6.74,-6.96,8.5492689745966,27.169999999999998
