,TMAX,TMIN,WMAX,RTOT
2017-04-18 12:00:00,25.24,14.94,6.488451279003334,1.2899999999999998
