,TMAX,TMIN,WMAX,RTOT
2017-10-24 12:00:00,9.74,2.24,5.200961449578338,2.6100000000000003
