,TMAX,TMIN,WMAX,RTOT
2017-09-12 12:00:00,17.84,13.04,4.08166632639171,4.6000000000000005
