,TMAX,TMIN,WMAX,RTOT
2017-10-10,27.54,14.24,10.377379245262265,72.64999999999999
