,TMAX,TMIN,WMAX,RTOT
2017-03-23,12.94,-9.56,7.993122043357026,13.790000000000001
