,TMAX,TMIN,WMAX,RTOT
2017-07-04 12:00:00,25.64,19.84,3.5510561809129406,7.800000000000001
