,TMAX,TMIN,WMAX,RTOT
2017-03-11,18.94,-3.46,11.46298390472568,15.479999999999999
