,TMAX,TMIN,WMAX,RTOT
2017-07-02,28.24,9.14,9.556673061269807,17.339999999999996
