,TMAX,TMIN,WMAX,RTOT
2017-07-11 12:00:00,30.74,20.44,5.554277630799526,0.41000000000000003
