,TMAX,TMIN,WMAX,RTOT
2017-11-04,15.04,-0.66,7.863841300534999,3.3199999999999994
