,TMAX,TMIN,WMAX,RTOT
2017-08-29,29.64,11.14,6.168468205316454,37.190000000000005
