,TMAX,TMIN,WMAX,RTOT
2017-04-01,17.54,1.84,8.508818954473059,31.849999999999998
