,TMAX,TMIN,WMAX,RTOT
2017-11-13,21.34,0.94,8.683317338436964,41.39000000000001
