,TMAX,TMIN,WMAX,RTOT
2017-06-02,26.44,9.34,8.440379138403676,17.590000000000003
