,TMAX,TMIN,WMAX,RTOT
2017-01-01 12:00:00,7.64,1.44,3.3015148038438356,1.4700000000000002
