,TMAX,TMIN,WMAX,RTOT
2017-07-15,31.04,14.84,7.715568676384133,31.670000000000005
