,TMAX,TMIN,WMAX,RTOT
2017-10-11,26.24,13.34,9.674709297958259,51.529999999999994
