,TMAX,TMIN,WMAX,RTOT
2017-01-10 12:00:00,13.44,-1.36,9.323625904121208,1.4300000000000002
