,TMAX,TMIN,WMAX,RTOT
2017-09-24,31.24,18.54,5.770615218501404,74.76999999999998
