,TMAX,TMIN,WMAX,RTOT
2017-06-08,28.64,10.74,8.052949770115296,24.349999999999998
