,TMAX,TMIN,WMAX,RTOT
2017-10-30,20.94,0.34,9.90050503762308,28.790000000000003
