,TMAX,TMIN,WMAX,RTOT
2017-03-20 12:00:00,9.74,0.74,6.04400529450463,0.8500000000000001
