,TMAX,TMIN,WMAX,RTOT
2017-03-27,17.64,-2.66,8.982204629154248,42.040000000000006
