,TMAX,TMIN,WMAX,RTOT
2017-03-17,11.74,-7.16,7.1449282711585,13.189999999999998
