,TMAX,TMIN,WMAX,RTOT
2017-02-05 12:00:00,11.04,-1.06,4.866210024238575,6.3100000000000005
