,TMAX,TMIN,WMAX,RTOT
2017-06-12,28.84,10.54,6.865857557508749,10.509999999999998
