,TMAX,TMIN,WMAX,RTOT
2017-05-10 12:00:00,19.84,10.34,6.228964600958975,1.5699999999999998
