,TMAX,TMIN,WMAX,RTOT
2017-12-04,14.34,0.64,8.575546629807338,25.349999999999998
