,TMAX,TMIN,WMAX,RTOT
2017-01-22,15.54,-2.96,7.694153624668537,37.059999999999995
