,TMAX,TMIN,WMAX,RTOT
2017-06-13,30.14,11.14,7.0710678118654755,1.7600000000000002
