,TMAX,TMIN,WMAX,RTOT
2017-08-19,30.14,12.24,6.2008063991709985,19.999999999999996
