,TMAX,TMIN,WMAX,RTOT
2017-03-08,16.74,-3.06,10.955363982999378,31.690000000000005
