,TMAX,TMIN,WMAX,RTOT
2017-05-17,25.94,7.94,7.4793047805260615,52.29000000000001
