,TMAX,TMIN,WMAX,RTOT
2017-01-30,12.24,-4.06,9.677293009927931,4.4499999999999975
