,TMAX,TMIN,WMAX,RTOT
2017-11-16,13.04,-3.66,6.906518659932803,15.080000000000002
