,TMAX,TMIN,WMAX,RTOT
2017-05-16,21.84,6.54,6.648308055437865,14.669999999999998
