,TMAX,TMIN,WMAX,RTOT
2017-02-13,13.84,-4.46,11.32254388377453,12.910000000000002
