,TMAX,TMIN,WMAX,RTOT
2017-12-31,1.44,-18.56,6.652818951391959,15.950000000000001
