,TMAX,TMIN,WMAX,RTOT
2017-05-05,21.04,3.84,13.612494260788505,193.57000000000005
