,TMAX,TMIN,WMAX,RTOT
2017-12-27,10.14,-9.86,10.125709851659785,19.570000000000007
