,TMAX,TMIN,WMAX,RTOT
2017-09-06 12:00:00,20.64,7.94,5.059644256269407,0.06999999999999999
