,TMAX,TMIN,WMAX,RTOT
2017-02-23,20.04,-1.46,7.0384657419071095,1.6200000000000003
