,TMAX,TMIN,WMAX,RTOT
2017-11-03 12:00:00,16.34,7.04,5.5072679252057455,2.0999999999999996
