,TMAX,TMIN,WMAX,RTOT
2017-02-07 12:00:00,2.34,-5.66,6.350590523722971,3.1999999999999997
