,TMAX,TMIN,WMAX,RTOT
2017-04-14,20.34,-0.16,9.808669634563088,20.610000000000003
