,TMAX,TMIN,WMAX,RTOT
2017-01-27,13.24,1.14,11.098198051936178,12.439999999999998
