,TMAX,TMIN,WMAX,RTOT
2017-03-06,18.34,-2.96,10.707474025184464,23.490000000000002
