,TMAX,TMIN,WMAX,RTOT
2017-08-20,30.54,12.34,6.6211781428987395,24.270000000000007
