,TMAX,TMIN,WMAX,RTOT
2017-01-17,15.74,-7.06,11.926860441876562,62.320000000000014
