,TMAX,TMIN,WMAX,RTOT
2017-11-10,20.94,0.84,8.681589716175258,44.129999999999995
