,TMAX,TMIN,WMAX,RTOT
2017-03-24,11.64,-7.76,8.028075734570521,14.799999999999999
