,TMAX,TMIN,WMAX,RTOT
2017-04-05,19.84,2.84,9.588013350011567,48.06999999999999
