,TMAX,TMIN,WMAX,RTOT
2017-12-20 12:00:00,6.74,-0.66,4.219004621945797,0.30000000000000004
