,TMAX,TMIN,WMAX,RTOT
2017-05-25 12:00:00,23.34,12.14,6.896375859826667,0.30000000000000004
