,TMAX,TMIN,WMAX,RTOT
2017-05-31,25.84,11.74,7.907591289387685,62.89000000000001
