,TMAX,TMIN,WMAX,RTOT
2017-01-15,15.34,-15.46,10.510946674776731,28.820000000000007
