,TMAX,TMIN,WMAX,RTOT
2017-02-18,8.34,-5.76,9.350935782048767,2.8499999999999996
