,TMAX,TMIN,WMAX,RTOT
2017-02-24 12:00:00,4.34,-2.66,9.86154146165801,0.6000000000000001
