,TMAX,TMIN,WMAX,RTOT
2017-02-04,3.74,-7.46,8.174350127074323,3.8799999999999994
