,TMAX,TMIN,WMAX,RTOT
2017-06-18,30.64,17.64,7.561084578286372,31.110000000000003
