,TMAX,TMIN,WMAX,RTOT
2017-05-05 12:00:00,12.84,5.34,5.921148537234985,9.530000000000001
