,TMAX,TMIN,WMAX,RTOT
2017-11-22,16.04,-3.76,12.791403363196705,34.89000000000001
