,TMAX,TMIN,WMAX,RTOT
2017-03-30 12:00:00,10.84,4.64,7.119691004531026,2.3699999999999997
