,TMAX,TMIN,WMAX,RTOT
2017-01-28 12:00:00,-1.16,-5.66,8.127115109311545,0.9199999999999999
