,TMAX,TMIN,WMAX,RTOT
2017-09-19,32.04,10.24,6.62872536767062,13.969999999999995
