,TMAX,TMIN,WMAX,RTOT
2017-08-22,30.44,16.74,6.717886572427373,30.730000000000004
