,TMAX,TMIN,WMAX,RTOT
2017-04-10,18.04,0.64,11.869709347747316,52.830000000000005
