,TMAX,TMIN,WMAX,RTOT
2017-10-14,26.54,12.64,11.16288493177279,28.650000000000002
