,TMAX,TMIN,WMAX,RTOT
2017-05-20,27.54,9.94,10.252804494381037,23.810000000000002
