,TMAX,TMIN,WMAX,RTOT
2017-12-21,8.04,-4.06,10.857716150277646,2.5399999999999996
