,TMAX,TMIN,WMAX,RTOT
2017-02-01,9.74,-6.56,9.751410154434076,4.879999999999997
