,TMAX,TMIN,WMAX,RTOT
2017-07-16,31.24,15.14,7.481310045707236,30.879999999999995
