,TMAX,TMIN,WMAX,RTOT
2017-05-23,26.74,9.54,11.962023240238251,34.330000000000005
