,TMAX,TMIN,WMAX,RTOT
2017-05-12,25.94,3.64,11.500434774390053,50.129999999999995
