,TMAX,TMIN,WMAX,RTOT
2017-02-14,17.44,-7.96,10.666770832824712,23.370000000000008
