,TMAX,TMIN,WMAX,RTOT
2017-12-17 12:00:00,9.84,5.44,6.797793759742936,0.38999999999999996
