,TMAX,TMIN,WMAX,RTOT
2017-05-28 12:00:00,23.54,13.04,7.602631123499285,0.41000000000000003
