,TMAX,TMIN,WMAX,RTOT
2017-04-22,24.34,8.94,9.183136719008381,58.989999999999995
