,TMAX,TMIN,WMAX,RTOT
2017-05-28,24.74,7.64,7.473285756613352,43.46000000000001
