,TMAX,TMIN,WMAX,RTOT
2017-01-28,14.64,-2.76,10.50047617967871,5.059999999999999
