,TMAX,TMIN,WMAX,RTOT
2017-11-26,14.84,-2.86,11.03856874780422,31.720000000000002
