,TMAX,TMIN,WMAX,RTOT
2017-08-01 12:00:00,26.74,17.14,2.4041630560342613,7.8500000000000005
