,TMAX,TMIN,WMAX,RTOT
2017-11-03,16.84,-0.56,8.440379138403676,0.7500000000000001
