,TMAX,TMIN,WMAX,RTOT
2017-05-22,26.74,13.44,10.729864864013898,40.40999999999998
