,TMAX,TMIN,WMAX,RTOT
2017-07-09,29.74,16.54,5.0990195135927845,67.89000000000001
