,TMAX,TMIN,WMAX,RTOT
2017-03-30,16.14,-2.46,8.271033792700885,26.799999999999997
