,TMAX,TMIN,WMAX,RTOT
2017-02-02,9.84,-6.26,9.198369420718,4.289999999999999
