,TMAX,TMIN,WMAX,RTOT
2017-07-14,31.44,16.04,7.244308110509934,63.32000000000001
