,TMAX,TMIN,WMAX,RTOT
2017-12-30,7.74,-13.16,6.876772498781678,21.929999999999996
