,TMAX,TMIN,WMAX,RTOT
2017-07-10 12:00:00,29.24,21.84,5.604462507680822,5.430000000000001
