,TMAX,TMIN,WMAX,RTOT
2017-06-04,24.64,9.64,8.40535543567314,28.510000000000005
