,TMAX,TMIN,WMAX,RTOT
2017-10-04,31.34,7.84,7.3246160308919945,2.7300000000000004
