,TMAX,TMIN,WMAX,RTOT
2017-09-09,31.04,8.14,8.072174428244226,18.580000000000002
