,TMAX,TMIN,WMAX,RTOT
2017-01-10,9.04,-12.06,7.62954782408499,3.2799999999999985
