,TMAX,TMIN,WMAX,RTOT
2017-09-27,32.04,17.94,5.758472019555188,0.6300000000000001
