,TMAX,TMIN,WMAX,RTOT
2017-09-08,28.04,7.54,7.516648189186454,6.039999999999999
