,TMAX,TMIN,WMAX,RTOT
2017-05-06,21.84,4.04,11.574541027617467,198.13999999999996
