,TMAX,TMIN,WMAX,RTOT
2017-05-02,22.64,6.44,8.605230967266364,104.20999999999997
