,TMAX,TMIN,WMAX,RTOT
2017-01-09 12:00:00,10.04,0.44,11.926860441876562,9.719999999999999
