,TMAX,TMIN,WMAX,RTOT
2017-04-09,19.54,2.14,10.361949623502326,33.910000000000004
