,TMAX,TMIN,WMAX,RTOT
2017-01-13,10.94,-13.96,10.124228365658293,27.599999999999994
