,TMAX,TMIN,WMAX,RTOT
2017-10-05,25.94,8.54,8.628441342444184,8.449999999999998
