,TMAX,TMIN,WMAX,RTOT
2017-09-23,30.24,16.84,5.10881590977792,90.37000000000002
