,TMAX,TMIN,WMAX,RTOT
2017-10-12,29.54,9.84,11.552056094046634,54.01999999999999
