,TMAX,TMIN,WMAX,RTOT
2017-10-07,27.94,7.44,6.395310782127793,15.860000000000001
