,TMAX,TMIN,WMAX,RTOT
2017-05-02 12:00:00,9.44,4.04,8.544588931013593,24.369999999999997
