,TMAX,TMIN,WMAX,RTOT
2017-01-31,9.74,-7.76,9.646242791885346,5.669999999999999
