,TMAX,TMIN,WMAX,RTOT
2017-02-19,15.44,-3.76,9.689685237405806,4.1899999999999995
