,TMAX,TMIN,WMAX,RTOT
2017-02-15,15.34,-9.36,9.377632963600142,19.059999999999995
