,TMAX,TMIN,WMAX,RTOT
2017-06-23,30.14,14.04,7.8230428862431785,53.940000000000005
