,TMAX,TMIN,WMAX,RTOT
2017-05-17 12:00:00,27.54,16.24,8.766413177577247,0.15999999999999998
