,TMAX,TMIN,WMAX,RTOT
2017-06-19,30.74,17.94,7.558438992278763,55.11999999999999
