,TMAX,TMIN,WMAX,RTOT
2017-05-07 12:00:00,17.14,6.44,3.492849839314596,0.24000000000000002
