,TMAX,TMIN,WMAX,RTOT
2017-10-23,24.94,6.64,10.13903348450926,1.3800000000000001
