,TMAX,TMIN,WMAX,RTOT
2017-09-26,31.84,18.34,5.06951674225463,38.69999999999999
