,TMAX,TMIN,WMAX,RTOT
2017-06-10,28.44,10.84,8.039900496896712,4.439999999999998
