,TMAX,TMIN,WMAX,RTOT
2017-01-16 12:00:00,11.44,3.04,6.768308503607086,1.9300000000000004
