,TMAX,TMIN,WMAX,RTOT
2017-07-05,27.84,12.24,9.35200513259055,55.36000000000001
