,TMAX,TMIN,WMAX,RTOT
2017-01-16,15.84,-14.56,10.558882516630252,34.92000000000001
