,TMAX,TMIN,WMAX,RTOT
2017-10-03 12:00:00,22.24,17.24,6.579513659838392,5.299999999999999
