,TMAX,TMIN,WMAX,RTOT
2017-07-03,28.04,9.54,9.745255255764212,86.55000000000001
