,TMAX,TMIN,WMAX,RTOT
2017-03-15,15.14,-5.86,10.1079176886241,7.409999999999999
