,TMAX,TMIN,WMAX,RTOT
2017-11-20,17.14,-1.96,11.859595271340417,29.319999999999993
