,TMAX,TMIN,WMAX,RTOT
2017-08-28,30.24,12.04,6.726812023536855,45.440000000000005
