,TMAX,TMIN,WMAX,RTOT
2017-03-16 12:00:00,9.54,0.84,6.074537019394977,3.3999999999999995
