,TMAX,TMIN,WMAX,RTOT
2017-06-15 12:00:00,29.44,18.04,5.336665625650534,7.0200000000000005
