,TMAX,TMIN,WMAX,RTOT
2017-11-17 12:00:00,20.14,0.94,12.242957159118053,29.970000000000002
