,TMAX,TMIN,WMAX,RTOT
2017-09-02,26.74,11.14,4.011234224026316,18.800000000000015
