,TMAX,TMIN,WMAX,RTOT
2018-01-03,-7.56,-20.86,6.041522986797286,10.700000000000001
