,TMAX,TMIN,WMAX,RTOT
2017-03-29 12:00:00,20.44,9.94,8.22009732302483,38.50999999999999
