,TMAX,TMIN,WMAX,RTOT
2017-09-18,30.54,9.14,7.161005515987263,12.939999999999996
