,TMAX,TMIN,WMAX,RTOT
2017-08-27,30.94,11.14,6.441273166075167,28.580000000000002
