,TMAX,TMIN,WMAX,RTOT
2017-10-23 12:00:00,9.04,4.64,8.709190547921201,9.909999999999998
