,TMAX,TMIN,WMAX,RTOT
2017-10-06,28.54,8.14,7.810889834071404,0.09999999999999999
