,TMAX,TMIN,WMAX,RTOT
2017-02-21,16.54,-2.96,6.96419413859206,0.3900000000000001
