,TMAX,TMIN,WMAX,RTOT
2017-07-06,28.64,15.44,8.302409288875127,54.92000000000001
