,TMAX,TMIN,WMAX,RTOT
2017-06-30,27.34,9.94,7.951100552753688,17.780000000000005
