,TMAX,TMIN,WMAX,RTOT
2017-06-07,27.84,11.44,6.760177512462229,30.92000000000001
