,TMAX,TMIN,WMAX,RTOT
2017-12-29,7.94,-8.26,6.7468511173731995,14.189999999999996
