,TMAX,TMIN,WMAX,RTOT
2017-10-03,30.94,8.04,6.93541635375988,4.889999999999999
