,TMAX,TMIN,WMAX,RTOT
2017-04-04 12:00:00,14.04,4.04,10.159232254457027,43.760000000000005
