,TMAX,TMIN,WMAX,RTOT
2017-04-08,20.94,1.34,10.248902380255167,12.469999999999997
