,TMAX,TMIN,WMAX,RTOT
2017-04-03,17.34,5.44,8.009993757800315,61.05000000000001
