,TMAX,TMIN,WMAX,RTOT
2017-01-18,13.44,-3.96,12.461540835707275,43.18000000000001
