,TMAX,TMIN,WMAX,RTOT
2017-08-30 12:00:00,24.54,15.84,7.077428911688198,0.9099999999999999
