,TMAX,TMIN,WMAX,RTOT
2017-03-26,15.84,-1.46,12.35556554755791,21.409999999999993
