,TMAX,TMIN,WMAX,RTOT
2017-03-09,15.74,-3.76,11.161093136427095,26.020000000000003
