,TMAX,TMIN,WMAX,RTOT
2017-11-15,12.54,-3.66,6.720863039818622,7.359999999999999
