,TMAX,TMIN,WMAX,RTOT
2017-12-26,10.94,-14.06,7.0178344238090995,3.6499999999999986
