,TMAX,TMIN,WMAX,RTOT
2017-12-16 12:00:00,6.54,2.44,4.8166378315169185,4.829999999999999
