,TMAX,TMIN,WMAX,RTOT
2017-08-11,27.24,9.04,6.963476143421474,32.56000000000001
