,TMAX,TMIN,WMAX,RTOT
2017-10-06 12:00:00,26.54,14.84,11.16288493177279,11.840000000000002
