,TMAX,TMIN,WMAX,RTOT
2017-05-29,24.24,7.94,6.603029607687671,79.30999999999999
