,TMAX,TMIN,WMAX,RTOT
2017-05-30,29.04,9.94,7.789736837660178,98.31999999999996
