,TMAX,TMIN,WMAX,RTOT
2017-12-21 12:00:00,7.84,2.94,5.412023651093923,2.0100000000000002
