,TMAX,TMIN,WMAX,RTOT
2017-10-15,29.44,12.44,11.294689017409908,7.090000000000002
