,TMAX,TMIN,WMAX,RTOT
2018-01-01,-4.06,-17.76,7.316419889536138,24.070000000000004
