,TMAX,TMIN,WMAX,RTOT
2017-07-17,30.94,15.84,6.981403870282824,18.320000000000004
