,TMAX,TMIN,WMAX,RTOT
2017-09-25,31.34,15.24,5.008991914547277,31.35000000000001
