,TMAX,TMIN,WMAX,RTOT
2017-08-23,30.24,15.74,6.8249542123006215,62.49999999999999
