,TMAX,TMIN,WMAX,RTOT
2017-10-22 12:00:00,18.44,9.84,7.621679604916491,1.4700000000000002
