,TMAX,TMIN,WMAX,RTOT
2017-09-12,31.34,7.44,8.682165628459295,2.1400000000000006
