,TMAX,TMIN,WMAX,RTOT
2017-03-01 12:00:00,4.94,-1.86,6.519202405202649,0.9400000000000001
