,TMAX,TMIN,WMAX,RTOT
2017-11-29 12:00:00,11.24,4.14,5.522680508593631,2.4000000000000004
