,TMAX,TMIN,WMAX,RTOT
2017-05-24 12:00:00,20.54,12.34,6.841052550594828,0.39000000000000007
