,TMAX,TMIN,WMAX,RTOT
2017-04-06,20.44,4.54,9.32952303175248,81.00999999999998
