,TMAX,TMIN,WMAX,RTOT
2017-05-03 12:00:00,7.14,5.94,11.13597772986279,45.080000000000005
