,TMAX,TMIN,WMAX,RTOT
2017-05-24,27.14,9.24,10.044899203078147,34.519999999999996
