,TMAX,TMIN,WMAX,RTOT
2017-02-06,5.14,-7.46,8.658521813797087,2.9700000000000006
