,TMAX,TMIN,WMAX,RTOT
2017-06-01,26.64,9.44,8.039900496896712,41.609999999999985
