,TMAX,TMIN,WMAX,RTOT
2017-05-19 12:00:00,25.94,14.94,6.844705983459042,21.419999999999998
