,TMAX,TMIN,WMAX,RTOT
2017-03-21,12.94,-7.56,8.766413177577247,15.139999999999997
