,TMAX,TMIN,WMAX,RTOT
2017-03-06 12:00:00,16.24,6.34,11.933147112141038,9.120000000000001
