,TMAX,TMIN,WMAX,RTOT
2017-08-14,26.54,10.54,4.588027898781784,24.279999999999994
