,TMAX,TMIN,WMAX,RTOT
2017-05-25,27.54,7.64,11.035397591387452,44.34000000000001
