,TMAX,TMIN,WMAX,RTOT
2017-06-11 12:00:00,30.54,19.64,5.412947441089743,0.10999999999999999
