,TMAX,TMIN,WMAX,RTOT
2017-04-17,23.34,6.74,10.21077861869505,34.55000000000001
