,TMAX,TMIN,WMAX,RTOT
2017-08-13 12:00:00,26.34,15.34,2.692582403567252,0.15000000000000002
