,TMAX,TMIN,WMAX,RTOT
2017-06-22,30.24,15.54,8.112336284942828,39.099999999999994
