,TMAX,TMIN,WMAX,RTOT
2017-05-27,25.94,7.74,11.130588483993108,42.21999999999999
