,TMAX,TMIN,WMAX,RTOT
2017-07-22,31.74,13.74,5.32634959423431,17.610000000000007
