,TMAX,TMIN,WMAX,RTOT
2017-10-08,28.04,7.84,11.645600027478189,65.83999999999999
