,TMAX,TMIN,WMAX,RTOT
2017-05-01 12:00:00,13.54,5.34,9.865596788841513,0.11000000000000001
