,TMAX,TMIN,WMAX,RTOT
2017-05-08,20.64,4.24,12.14125199474914,24.939999999999998
