,TMAX,TMIN,WMAX,RTOT
2017-12-10,17.44,-12.26,13.176494222667879,29.860000000000003
