,TMAX,TMIN,WMAX,RTOT
2017-05-27 12:00:00,24.64,15.34,6.795586803212803,15.629999999999999
