,TMAX,TMIN,WMAX,RTOT
2017-09-22,30.74,14.14,5.107837115648854,41.709999999999994
