,TMAX,TMIN,WMAX,RTOT
2017-01-29,15.64,-3.46,9.36055553906925,4.799999999999997
