,TMAX,TMIN,WMAX,RTOT
2017-09-04,28.54,11.84,6.300793600809346,22.460000000000008
