,TMAX,TMIN,WMAX,RTOT
2017-10-16,26.84,12.24,8.209750300709516,25.099999999999994
