,TMAX,TMIN,WMAX,RTOT
2017-12-29 12:00:00,-8.06,-20.96,6.103277807866851,2.1199999999999997
