,TMAX,TMIN,WMAX,RTOT
2017-04-24,22.94,3.84,10.480935072788114,10.519999999999998
