,TMAX,TMIN,WMAX,RTOT
2017-08-16 12:00:00,28.54,18.04,7.368174807915458,0.9500000000000001
