,TMAX,TMIN,WMAX,RTOT
2017-11-29,11.44,-2.96,8.297590011563598,2.3099999999999996
