,TMAX,TMIN,WMAX,RTOT
2017-05-03,23.04,4.84,12.026637102698325,130.93000000000004
