,TMAX,TMIN,WMAX,RTOT
2017-12-16,7.84,-7.06,10.480935072788116,10.990000000000002
