,TMAX,TMIN,WMAX,RTOT
2017-01-25,13.14,1.64,8.443340571124677,61.739999999999995
