,TMAX,TMIN,WMAX,RTOT
2017-12-08 12:00:00,-0.16,-4.66,8.23771813064759,2.9799999999999995
