,TMAX,TMIN,WMAX,RTOT
2017-08-17,26.04,13.64,3.966106403010388,11.890000000000002
