,TMAX,TMIN,WMAX,RTOT
2017-08-21 12:00:00,26.44,14.64,6.168468205316454,22.020000000000003
