,TMAX,TMIN,WMAX,RTOT
2017-03-20,10.84,-8.16,7.397972695272672,19.910000000000004
