,TMAX,TMIN,WMAX,RTOT
2017-05-01,24.94,6.34,10.628264204469138,54.709999999999994
