,TMAX,TMIN,WMAX,RTOT
2017-09-10,31.54,7.84,8.50411665018772,4.839999999999999
