,TMAX,TMIN,WMAX,RTOT
2017-11-05,18.84,-0.76,8.570297544426332,13.960000000000004
