,TMAX,TMIN,WMAX,RTOT
2017-09-17,28.34,8.64,8.22009732302483,18.429999999999996
