,TMAX,TMIN,WMAX,RTOT
2017-11-12,21.24,0.94,7.130918594402829,49.879999999999995
