,TMAX,TMIN,WMAX,RTOT
2017-10-09,27.94,9.44,7.057619995437555,25.490000000000006
