,TMAX,TMIN,WMAX,RTOT
2017-05-09,15.04,2.74,12.410076550932311,72.07000000000001
