,TMAX,TMIN,WMAX,RTOT
2017-05-15,19.34,5.54,5.333854141237834,6.209999999999998
