,TMAX,TMIN,WMAX,RTOT
2017-12-15,5.24,-9.96,10.679419459877021,5.150000000000001
