,TMAX,TMIN,WMAX,RTOT
2017-02-17,9.84,-12.36,8.538149682454625,1.9500000000000002
