,TMAX,TMIN,WMAX,RTOT
2017-06-22 12:00:00,26.34,16.04,6.217716622683925,15.139999999999999
