,TMAX,TMIN,WMAX,RTOT
2017-06-16,30.94,15.54,7.032780389006897,20.689999999999998
