,TMAX,TMIN,WMAX,RTOT
2017-07-20,30.44,11.54,6.312685640834651,27.49000000000001
