,TMAX,TMIN,WMAX,RTOT
2017-04-26,25.24,4.34,8.860022573334675,7.539999999999999
