,TMAX,TMIN,WMAX,RTOT
2017-10-21 12:00:00,20.64,12.04,10.242070103255493,10.309999999999999
