,TMAX,TMIN,WMAX,RTOT
2017-03-04,17.34,-3.06,9.86154146165801,14.559999999999997
