,TMAX,TMIN,WMAX,RTOT
2017-09-07,31.34,5.54,7.733692520394123,12.469999999999999
