,TMAX,TMIN,WMAX,RTOT
2017-07-18,30.84,12.74,7.569015788066505,15.889999999999999
