,TMAX,TMIN,WMAX,RTOT
2017-04-21,23.84,9.74,9.381364506296512,54.530000000000044
