,TMAX,TMIN,WMAX,RTOT
2017-04-25,24.44,4.54,8.798295289429651,10.189999999999998
