,TMAX,TMIN,WMAX,RTOT
2017-07-15 12:00:00,26.14,14.44,4.606517122512408,4.420000000000001
