,TMAX,TMIN,WMAX,RTOT
2017-02-27,19.84,-1.26,11.90042016064979,15.779999999999998
