,TMAX,TMIN,WMAX,RTOT
2017-12-12 12:00:00,6.04,-4.26,9.765244492586962,0.8900000000000001
