,TMAX,TMIN,WMAX,RTOT
2017-05-04,23.84,5.14,11.615506876585284,152.57000000000005
