,TMAX,TMIN,WMAX,RTOT
2017-06-21 12:00:00,27.04,20.04,7.454528824815155,0.8200000000000001
