,TMAX,TMIN,WMAX,RTOT
2017-11-19,13.64,-3.36,10.16070863670443,24.019999999999996
