,TMAX,TMIN,WMAX,RTOT
2017-01-29 12:00:00,2.84,-5.96,7.920858539325141,0.060000000000000005
