,TMAX,TMIN,WMAX,RTOT
2017-12-24,10.74,-4.46,7.0178344238090995,8.659999999999998
