,TMAX,TMIN,WMAX,RTOT
2017-02-11,16.04,-11.36,13.729530217745982,20.970000000000002
