,TMAX,TMIN,WMAX,RTOT
2017-08-06 12:00:00,22.84,14.14,4.588027898781784,3.7199999999999998
