,TMAX,TMIN,WMAX,RTOT
2017-03-07,19.74,-3.06,11.859595271340417,33.23999999999999
