,TMAX,TMIN,WMAX,RTOT
2017-04-18,24.94,6.34,9.180958555619343,19.380000000000003
