,TMAX,TMIN,WMAX,RTOT
2017-02-28,19.14,-3.26,11.800423721205947,25.830000000000002
