,TMAX,TMIN,WMAX,RTOT
2017-08-14 12:00:00,27.94,19.14,3.4234485537247377,5.1899999999999995
