,TMAX,TMIN,WMAX,RTOT
2017-12-12,17.34,-7.46,12.050311199301037,17.849999999999998
