,TMAX,TMIN,WMAX,RTOT
2017-06-05,25.54,11.24,7.602631123499285,98.97000000000003
