,TMAX,TMIN,WMAX,RTOT
2017-04-12 12:00:00,21.94,10.64,6.109828148156051,12.479999999999999
