,TMAX,TMIN,WMAX,RTOT
2017-04-07,20.34,3.84,10.754068997360953,37.390000000000015
