,TMAX,TMIN,WMAX,RTOT
2017-10-25,24.14,8.34,10.547511554864494,18.119999999999994
