,TMAX,TMIN,WMAX,RTOT
2017-05-18,26.04,8.34,8.06225774829855,27.90000000000001
