,TMAX,TMIN,WMAX,RTOT
2018-12-08,16.94,-6.26,9.86154146165801,29.320000000000007
