,TMAX,TMIN,WMAX,RTOT
2018-04-11,14.34,-5.16,10.911003620199198,30.920000000000005
