,TMAX,TMIN,WMAX,RTOT
2018-11-09,16.14,3.34,9.662815324738437,36.49000000000001
