,TMAX,TMIN,WMAX,RTOT
2018-02-08,7.44,-12.16,9.837174391053562,15.189999999999998
