,TMAX,TMIN,WMAX,RTOT
2018-06-07,30.54,14.64,8.429116205154607,25.560000000000002
