,TMAX,TMIN,WMAX,RTOT
2018-08-17,28.74,17.14,5.82494635168428,15.629999999999999
