,TMAX,TMIN,WMAX,RTOT
2018-01-13,11.14,-21.56,8.600581375697807,12.190000000000003
