,TMAX,TMIN,WMAX,RTOT
2018-05-08 12:00:00,25.24,15.24,9.413288479590967,2.1599999999999997
