,TMAX,TMIN,WMAX,RTOT
2018-09-02 12:00:00,29.64,21.74,4.904079934095692,3.6799999999999997
