,TMAX,TMIN,WMAX,RTOT
2018-01-08 12:00:00,1.94,-4.36,4.743416490252569,0.5800000000000001
