,TMAX,TMIN,WMAX,RTOT
2018-04-23,17.04,-1.86,12.86545762886031,7.569999999999997
