,TMAX,TMIN,WMAX,RTOT
2018-08-24,27.44,12.74,5.70087712549569,30.349999999999998
