,TMAX,TMIN,WMAX,RTOT
2018-01-18,14.24,-16.76,9.631718434422801,25.60000000000001
