,TMAX,TMIN,WMAX,RTOT
2018-12-17,6.64,-8.66,9.31074647920348,33.50000000000001
