,TMAX,TMIN,WMAX,RTOT
2018-07-12,31.44,12.14,7.433034373659253,14.239999999999998
