,TMAX,TMIN,WMAX,RTOT
2018-08-18,28.44,17.14,5.841232746604093,21.570000000000004
