,TMAX,TMIN,WMAX,RTOT
2018-10-12,27.94,12.34,7.62954782408499,60.730000000000004
