,TMAX,TMIN,WMAX,RTOT
2018-07-14,29.94,11.74,7.710382610480494,20.230000000000004
