,TMAX,TMIN,WMAX,RTOT
2018-08-20 12:00:00,25.24,17.74,7.144928271158501,1.8000000000000003
