,TMAX,TMIN,WMAX,RTOT
2019-01-06,5.74,-7.96,7.4404300950953095,38.43999999999999
