,TMAX,TMIN,WMAX,RTOT
2018-06-16 12:00:00,32.04,22.54,5.060632371551998,2.0900000000000003
