,TMAX,TMIN,WMAX,RTOT
2018-12-03,14.04,-8.16,13.860014430006919,68.84000000000002
