,TMAX,TMIN,WMAX,RTOT
2018-02-25,18.74,-2.96,13.520724832641186,114.78000000000002
