,TMAX,TMIN,WMAX,RTOT
2018-11-02 12:00:00,12.74,4.24,7.738862965578341,0.22000000000000003
