,TMAX,TMIN,WMAX,RTOT
2018-12-02,12.94,-7.16,13.069812546475179,15.719999999999999
