,TMAX,TMIN,WMAX,RTOT
2018-01-17,13.94,-17.86,9.019977827023745,38.75999999999999
