,TMAX,TMIN,WMAX,RTOT
2019-01-01,14.94,-2.36,11.697008164483771,11.200000000000005
