,TMAX,TMIN,WMAX,RTOT
2018-12-12 12:00:00,6.34,0.74,4.802082881417188,8.459999999999999
