,TMAX,TMIN,WMAX,RTOT
2018-10-08,29.54,14.24,9.219544457292887,50.63999999999999
