,TMAX,TMIN,WMAX,RTOT
2018-06-24,32.34,20.44,5.57584074378026,94.96000000000001
