,TMAX,TMIN,WMAX,RTOT
2018-03-15,8.84,-4.46,9.143850392476903,0.8600000000000001
