,TMAX,TMIN,WMAX,RTOT
2018-07-07,32.04,22.74,6.573431371817919,28.670000000000005
