,TMAX,TMIN,WMAX,RTOT
2018-03-31,15.44,-1.46,11.94194289050153,56.23999999999999
