,TMAX,TMIN,WMAX,RTOT
2018-07-09,31.14,15.44,7.236711960552251,44.25000000000001
