,TMAX,TMIN,WMAX,RTOT
2018-11-11,14.74,-5.16,10.504284840006958,43.87999999999999
