,TMAX,TMIN,WMAX,RTOT
2018-11-25 12:00:00,7.34,-5.56,13.860014430006919,3.8999999999999995
