,TMAX,TMIN,WMAX,RTOT
2018-04-26 12:00:00,17.94,8.54,6.736467917239716,0.6000000000000001
