,TMAX,TMIN,WMAX,RTOT
2018-03-04,15.14,-0.76,14.500344823486095,17.860000000000003
