,TMAX,TMIN,WMAX,RTOT
2018-06-20 12:00:00,27.84,18.54,4.104875150354758,34.239999999999995
