,TMAX,TMIN,WMAX,RTOT
2018-01-12,9.14,-21.06,8.190848551890092,9.940000000000001
