,TMAX,TMIN,WMAX,RTOT
2018-12-31 12:00:00,3.54,-0.86,5.423098745182499,0.4999999999999999
