,TMAX,TMIN,WMAX,RTOT
2018-03-14,7.34,-5.06,8.386894538504702,11.250000000000002
