,TMAX,TMIN,WMAX,RTOT
2018-02-05 12:00:00,-6.46,-12.06,4.604345773288535,0.16999999999999998
