,TMAX,TMIN,WMAX,RTOT
2018-11-03,17.64,3.34,10.660675400742674,41.580000000000005
