,TMAX,TMIN,WMAX,RTOT
2018-11-01,13.44,2.74,8.338465086573189,19.840000000000007
