,TMAX,TMIN,WMAX,RTOT
2018-08-23,27.84,12.04,8.01311425102625,22.520000000000007
