,TMAX,TMIN,WMAX,RTOT
2018-12-22,8.44,-1.76,8.793179174792243,2.4499999999999993
