,TMAX,TMIN,WMAX,RTOT
2018-10-13,28.64,6.14,7.034912934784623,58.42000000000001
