,TMAX,TMIN,WMAX,RTOT
2018-04-03 12:00:00,2.74,-1.46,10.911003620199198,0.3400000000000001
