,TMAX,TMIN,WMAX,RTOT
2018-03-25,11.54,-2.16,9.372299611087985,34.640000000000015
