,TMAX,TMIN,WMAX,RTOT
2018-08-09,29.54,16.04,6.585590330410783,33.36000000000001
