,TMAX,TMIN,WMAX,RTOT
2018-07-03 12:00:00,31.74,22.64,3.517101079013795,1.6600000000000001
