,TMAX,TMIN,WMAX,RTOT
2018-06-20,31.94,14.64,6.545991139621258,26.590000000000003
