,TMAX,TMIN,WMAX,RTOT
2018-05-15,28.14,11.74,10.288342918079666,12.809999999999999
