,TMAX,TMIN,WMAX,RTOT
2018-11-08,14.84,3.64,8.905054744357273,22.069999999999997
