,TMAX,TMIN,WMAX,RTOT
2018-01-09 12:00:00,10.54,1.44,7.792945527847606,4.010000000000001
