,TMAX,TMIN,WMAX,RTOT
2018-05-27,30.84,14.64,6.876772498781678,40.06000000000001
