,TMAX,TMIN,WMAX,RTOT
2018-11-06,19.44,4.54,9.936800289831734,32.400000000000006
