,TMAX,TMIN,WMAX,RTOT
2018-08-29,31.34,13.44,8.023091673413685,23.439999999999994
