,TMAX,TMIN,WMAX,RTOT
2018-01-19,14.24,-15.16,9.350935782048767,22.810000000000002
