,TMAX,TMIN,WMAX,RTOT
2018-02-09 12:00:00,-3.16,-5.56,5.797413216254298,1.9500000000000004
