,TMAX,TMIN,WMAX,RTOT
2018-03-30 12:00:00,10.14,0.64,11.482595525402782,1.1099999999999999
