,TMAX,TMIN,WMAX,RTOT
2018-10-11,29.64,12.04,8.819297024139736,66.82999999999998
