,TMAX,TMIN,WMAX,RTOT
2018-08-09 12:00:00,26.84,18.44,4.1182520563948,3.5300000000000002
