,TMAX,TMIN,WMAX,RTOT
2018-12-25,8.24,-2.36,9.002777349240622,2.3300000000000005
