,TMAX,TMIN,WMAX,RTOT
2018-10-17,27.64,2.34,7.299315036357863,22.580000000000005
