,TMAX,TMIN,WMAX,RTOT
2018-10-10,28.94,12.64,8.770974860299168,17.330000000000002
