,TMAX,TMIN,WMAX,RTOT
2018-06-11 12:00:00,30.64,19.54,5.028916384272063,10.500000000000002
