,TMAX,TMIN,WMAX,RTOT
2018-07-11,31.84,11.84,7.683749084919419,19.020000000000003
