,TMAX,TMIN,WMAX,RTOT
2018-10-21,14.74,0.54,8.011242100947891,2.7800000000000002
