,TMAX,TMIN,WMAX,RTOT
2018-09-06,30.04,15.44,6.177378084592201,53.580000000000005
