,TMAX,TMIN,WMAX,RTOT
2018-11-10,17.14,-8.36,12.007081243999309,65.30999999999999
