,TMAX,TMIN,WMAX,RTOT
2018-07-23 12:00:00,27.24,17.84,4.242640687119285,0.24000000000000002
