,TMAX,TMIN,WMAX,RTOT
2018-05-25,31.54,14.54,7.212489168102786,20.860000000000003
