,TMAX,TMIN,WMAX,RTOT
2018-11-26,12.24,-2.06,9.674709297958259,14.809999999999999
