,TMAX,TMIN,WMAX,RTOT
2018-10-03,27.54,5.84,7.355270219373317,23.669999999999995
