,TMAX,TMIN,WMAX,RTOT
2018-05-17 12:00:00,20.94,15.64,7.212489168102786,5.720000000000001
