,TMAX,TMIN,WMAX,RTOT
2018-11-22,5.84,-7.46,5.73149195236284,5.2799999999999985
