,TMAX,TMIN,WMAX,RTOT
2018-09-28,30.84,8.74,7.696752561957543,17.119999999999997
