,TMAX,TMIN,WMAX,RTOT
2019-01-02,13.64,-4.16,10.742439201596628,13.119999999999994
