,TMAX,TMIN,WMAX,RTOT
2018-01-11,0.94,-21.16,7.467261881037788,9.489999999999998
