,TMAX,TMIN,WMAX,RTOT
2018-06-29,31.34,15.64,8.50411665018772,61.790000000000006
