,TMAX,TMIN,WMAX,RTOT
2018-06-08 12:00:00,29.24,19.64,4.188078318274385,20.419999999999998
