,TMAX,TMIN,WMAX,RTOT
2018-02-22,15.74,-3.26,8.324061508662703,64.34000000000002
