,TMAX,TMIN,WMAX,RTOT
2018-08-02 12:00:00,28.24,16.24,2.7892651361962706,5.619999999999999
