,TMAX,TMIN,WMAX,RTOT
2018-05-28 12:00:00,30.64,22.24,6.649060083951716,0.8600000000000001
