,TMAX,TMIN,WMAX,RTOT
2018-06-08,31.54,11.34,8.988882021697693,14.329999999999997
