,TMAX,TMIN,WMAX,RTOT
2018-08-28 12:00:00,26.24,15.44,6.3655321851358195,5.839999999999999
