,TMAX,TMIN,WMAX,RTOT
2018-01-31,10.04,-5.96,10.689246933250255,1.6500000000000004
