,TMAX,TMIN,WMAX,RTOT
2018-07-29 12:00:00,23.54,16.64,3.125699921617557,23.950000000000003
