,TMAX,TMIN,WMAX,RTOT
2018-11-14 12:00:00,0.34,-3.66,5.420332093147061,3.6599999999999997
