,TMAX,TMIN,WMAX,RTOT
2018-12-03 12:00:00,0.94,-2.96,4.652956049652736,0.8300000000000001
