,TMAX,TMIN,WMAX,RTOT
2018-12-13,4.54,-6.46,7.1344235926947865,2.4100000000000006
