,TMAX,TMIN,WMAX,RTOT
2018-08-11,29.34,17.64,6.053924347066124,28.960000000000004
