,TMAX,TMIN,WMAX,RTOT
2018-04-05 12:00:00,6.84,-2.76,6.879680225126746,0.31000000000000005
