,TMAX,TMIN,WMAX,RTOT
2018-08-21,30.04,17.44,6.4536811201050215,54.39000000000002
