,TMAX,TMIN,WMAX,RTOT
2018-01-10,1.64,-24.16,7.971198153351853,25.329999999999995
