,TMAX,TMIN,WMAX,RTOT
2018-01-28,13.44,-2.96,11.527792503337315,30.209999999999997
