,TMAX,TMIN,WMAX,RTOT
2018-10-04 12:00:00,22.24,13.14,5.882176467941097,11.540000000000001
