,TMAX,TMIN,WMAX,RTOT
2018-06-16,31.34,14.84,7.102112361825881,74.44999999999997
