,TMAX,TMIN,WMAX,RTOT
2018-11-24,11.14,-1.76,5.629387178015028,4.780000000000001
