,TMAX,TMIN,WMAX,RTOT
2018-06-02,33.44,19.84,6.224146527838174,16.660000000000004
