,TMAX,TMIN,WMAX,RTOT
2018-08-15 12:00:00,27.84,19.94,3.5355339059327378,2.7800000000000002
