,TMAX,TMIN,WMAX,RTOT
2018-03-08,14.44,-3.86,11.122050170719424,27.550000000000004
