,TMAX,TMIN,WMAX,RTOT
2018-11-07,21.74,3.64,9.243916918709298,41.32000000000001
