,TMAX,TMIN,WMAX,RTOT
2018-03-05 12:00:00,7.04,0.84,7.849203781276162,1.6599999999999997
