,TMAX,TMIN,WMAX,RTOT
2018-03-05,13.84,-1.46,14.996666296213968,20.290000000000003
