,TMAX,TMIN,WMAX,RTOT
2018-08-02,26.44,12.54,5.315072906367325,26.120000000000005
