,TMAX,TMIN,WMAX,RTOT
2018-05-07,25.04,3.34,9.617692030835672,32.620000000000005
