,TMAX,TMIN,WMAX,RTOT
2018-12-06,17.64,-7.66,11.84229707446997,55.69000000000001
