,TMAX,TMIN,WMAX,RTOT
2018-06-26,31.24,18.44,7.930952023559341,109.36999999999998
