,TMAX,TMIN,WMAX,RTOT
2018-02-17,10.64,-12.86,8.065977932030313,12.929999999999998
