,TMAX,TMIN,WMAX,RTOT
2018-02-12,3.64,-11.76,8.3773504164503,17.509999999999998
