,TMAX,TMIN,WMAX,RTOT
2018-06-10 12:00:00,27.54,19.34,5.059644256269407,3.7699999999999996
