,TMAX,TMIN,WMAX,RTOT
2018-03-28,13.44,-2.16,9.244457799135654,50.55000000000001
