,TMAX,TMIN,WMAX,RTOT
2018-11-25,11.14,-2.36,8.61278120005379,15.559999999999999
