,TMAX,TMIN,WMAX,RTOT
2018-09-13,30.24,14.64,11.157060544785082,149.39999999999998
