,TMAX,TMIN,WMAX,RTOT
2018-07-21,30.34,12.04,5.70350769263968,25.389999999999997
