,TMAX,TMIN,WMAX,RTOT
2018-10-04,29.74,7.54,9.464142856064674,4.5600000000000005
