,TMAX,TMIN,WMAX,RTOT
2018-02-09,1.64,-16.96,7.905694150420948,27.620000000000005
