,TMAX,TMIN,WMAX,RTOT
2018-08-06,28.74,14.44,6.881860213634101,52.14999999999999
