,TMAX,TMIN,WMAX,RTOT
2018-04-15 12:00:00,3.84,-1.06,9.916148445843275,0.8600000000000001
