,TMAX,TMIN,WMAX,RTOT
2018-11-28 12:00:00,3.74,-2.86,4.964876634922564,0.6499999999999999
