,TMAX,TMIN,WMAX,RTOT
2018-03-02,14.44,-0.66,13.029197979921866,28.749999999999993
