,TMAX,TMIN,WMAX,RTOT
2018-04-08,17.04,-8.16,11.833004690272036,54.720000000000006
