,TMAX,TMIN,WMAX,RTOT
2018-01-23,12.04,-16.56,10.30194156457898,31.220000000000002
