,TMAX,TMIN,WMAX,RTOT
2018-04-25,19.74,-1.56,12.397580409095962,1.3100000000000003
