,TMAX,TMIN,WMAX,RTOT
2019-01-07,11.04,-4.16,8.139410298049853,30.209999999999997
