,TMAX,TMIN,WMAX,RTOT
2019-01-08,8.54,-2.76,9.277930803794561,26.990000000000006
