,TMAX,TMIN,WMAX,RTOT
2018-07-08,32.34,18.74,7.1568149340331555,44.970000000000006
