,TMAX,TMIN,WMAX,RTOT
2018-01-26 12:00:00,9.74,2.74,9.347726996441434,0.21000000000000002
