,TMAX,TMIN,WMAX,RTOT
2018-01-16,14.44,-15.06,9.42019108086455,19.029999999999998
