,TMAX,TMIN,WMAX,RTOT
2018-08-24 12:00:00,29.34,20.04,7.881624198095213,18.879999999999995
