,TMAX,TMIN,WMAX,RTOT
2018-11-30,13.34,-8.26,11.910499569707394,25.520000000000003
