,TMAX,TMIN,WMAX,RTOT
2018-04-04,15.14,-3.56,12.35556554755791,63.66000000000001
