,TMAX,TMIN,WMAX,RTOT
2018-12-26,9.24,-1.46,7.505997601918082,1.8900000000000003
