,TMAX,TMIN,WMAX,RTOT
2018-10-18,23.14,2.34,9.2660671268883,7.119999999999998
