,TMAX,TMIN,WMAX,RTOT
2018-06-27,30.54,13.74,7.368174807915458,69.59000000000003
