,TMAX,TMIN,WMAX,RTOT
2018-11-16 12:00:00,4.54,-1.36,4.441846462902562,2.5300000000000002
