,TMAX,TMIN,WMAX,RTOT
2018-12-10,7.84,-6.66,8.640023148117141,6.769999999999999
