,TMAX,TMIN,WMAX,RTOT
2018-11-14,11.24,-4.56,9.442986815621422,3.559999999999999
