,TMAX,TMIN,WMAX,RTOT
2018-10-31,13.54,2.94,6.103277807866851,13.429999999999998
