,TMAX,TMIN,WMAX,RTOT
2018-05-22,31.04,16.04,7.632168761236874,54.800000000000004
