,TMAX,TMIN,WMAX,RTOT
2018-05-13,26.24,9.44,8.297590011563598,28.800000000000004
