,TMAX,TMIN,WMAX,RTOT
2018-12-21,8.64,-2.16,8.405950273467004,18.189999999999998
