,TMAX,TMIN,WMAX,RTOT
2018-09-27,30.34,8.94,8.411896337925237,8.249999999999998
