,TMAX,TMIN,WMAX,RTOT
2018-04-15,23.74,-5.26,11.272089424769483,25.930000000000003
