,TMAX,TMIN,WMAX,RTOT
2018-12-20 12:00:00,3.94,-1.66,8.04114419718985,0.37000000000000005
