,TMAX,TMIN,WMAX,RTOT
2018-08-10,29.94,15.94,5.5154328932550705,30.740000000000002
