,TMAX,TMIN,WMAX,RTOT
2018-12-30,14.94,-2.56,10.288342918079666,30.939999999999998
