,TMAX,TMIN,WMAX,RTOT
2018-06-09,31.24,12.94,8.645229898620395,37.67999999999999
