,TMAX,TMIN,WMAX,RTOT
2018-09-29,27.54,8.24,6.907966415668218,1.3599999999999999
