,TMAX,TMIN,WMAX,RTOT
2018-07-10,31.44,14.14,6.88839603971781,20.799999999999997
