,TMAX,TMIN,WMAX,RTOT
2018-12-05,17.44,-7.76,8.962700485902673,51.19999999999999
