,TMAX,TMIN,WMAX,RTOT
2018-01-11 12:00:00,-3.86,-8.36,8.805679985100525,2.9000000000000004
