,TMAX,TMIN,WMAX,RTOT
2018-07-28,28.44,16.24,7.854934754662192,12.539999999999996
