,TMAX,TMIN,WMAX,RTOT
2018-06-25,31.84,20.34,6.726812023536855,96.44000000000001
