,TMAX,TMIN,WMAX,RTOT
2018-10-30 12:00:00,17.74,9.34,7.710382610480495,8.899999999999999
