,TMAX,TMIN,WMAX,RTOT
2018-02-04,10.24,-11.26,9.704638066409276,1.6900000000000002
