,TMAX,TMIN,WMAX,RTOT
2018-09-18,26.94,11.44,3.54400902933387,0.5000000000000001
