,TMAX,TMIN,WMAX,RTOT
2018-12-30 12:00:00,5.14,1.54,8.139410298049853,29.709999999999997
