,TMAX,TMIN,WMAX,RTOT
2018-09-25,30.74,14.74,7.392563831310487,31.599999999999998
