,TMAX,TMIN,WMAX,RTOT
2018-08-26,27.24,12.54,7.406078584514209,26.190000000000005
