,TMAX,TMIN,WMAX,RTOT
2018-06-13,31.34,12.34,6.363175307973213,99.28999999999999
