,TMAX,TMIN,WMAX,RTOT
2018-03-01,16.24,-1.56,11.957006314291215,31.730000000000004
