,TMAX,TMIN,WMAX,RTOT
2018-04-05,12.04,-4.16,11.892854997854805,26.529999999999998
