,TMAX,TMIN,WMAX,RTOT
2018-09-28 12:00:00,17.34,6.24,4.4821869662029945,0.5700000000000001
