,TMAX,TMIN,WMAX,RTOT
2018-03-12,9.64,-3.46,9.567131231461184,13.929999999999998
