,TMAX,TMIN,WMAX,RTOT
2018-08-07,28.64,14.94,5.948108943185221,33.35999999999999
