,TMAX,TMIN,WMAX,RTOT
2018-12-20,7.84,-2.46,7.58023746329889,10.549999999999997
