,TMAX,TMIN,WMAX,RTOT
2018-02-23,19.64,-3.06,10.683164325236227,27.530000000000005
