,TMAX,TMIN,WMAX,RTOT
2018-12-16,5.54,-7.16,12.445481107614924,27.560000000000002
