,TMAX,TMIN,WMAX,RTOT
2018-06-12,30.04,12.14,6.41404708432983,55.79999999999999
