,TMAX,TMIN,WMAX,RTOT
2018-12-27 12:00:00,11.14,0.04,7.990619500389191,0.18000000000000002
