,TMAX,TMIN,WMAX,RTOT
2018-12-18,8.34,-7.06,9.362157870918434,29.959999999999994
