,TMAX,TMIN,WMAX,RTOT
2018-07-24,29.14,14.14,6.621933252457322,26.049999999999997
