,TMAX,TMIN,WMAX,RTOT
2018-09-07,30.64,15.34,5.966573556070519,13.629999999999999
