,TMAX,TMIN,WMAX,RTOT
2018-08-04,28.24,13.54,6.328506932918696,43.730000000000004
