,TMAX,TMIN,WMAX,RTOT
2018-02-19,13.04,-14.16,7.9202272694664515,12.449999999999998
