,TMAX,TMIN,WMAX,RTOT
2018-10-14,29.24,4.14,8.561541917201597,54.38000000000002
