,TMAX,TMIN,WMAX,RTOT
2018-02-14,4.14,-13.16,6.503076195155644,10.190000000000001
