,TMAX,TMIN,WMAX,RTOT
2018-05-01 12:00:00,25.84,16.84,8.421995013059554,2.0799999999999996
