,TMAX,TMIN,WMAX,RTOT
2018-02-20,9.84,-12.86,8.527602242131136,12.860000000000001
