,TMAX,TMIN,WMAX,RTOT
2018-05-31,33.24,16.14,5.2839379254491625,11.370000000000001
