,TMAX,TMIN,WMAX,RTOT
2018-06-05,33.84,15.44,7.261542535852834,19.220000000000002
