,TMAX,TMIN,WMAX,RTOT
2018-06-28,29.34,15.24,6.573431371817919,90.76000000000003
