,TMAX,TMIN,WMAX,RTOT
2018-06-26 12:00:00,27.94,19.34,6.338769596696191,0.06999999999999999
