,TMAX,TMIN,WMAX,RTOT
2018-02-18,10.84,-12.46,8.872992730753248,6.169999999999999
