,TMAX,TMIN,WMAX,RTOT
2018-01-09,1.04,-25.26,8.286132994346639,4.029999999999999
