,TMAX,TMIN,WMAX,RTOT
2018-05-11,24.94,6.04,9.166242414424788,20.910000000000004
