,TMAX,TMIN,WMAX,RTOT
2018-09-23,29.64,10.74,7.632168761236874,5.430000000000001
