,TMAX,TMIN,WMAX,RTOT
2018-11-23,9.64,-3.36,6.129437168288782,3.7399999999999998
