,TMAX,TMIN,WMAX,RTOT
2018-04-17,20.34,-0.96,11.527792503337315,9.249999999999998
