,TMAX,TMIN,WMAX,RTOT
2018-08-05 12:00:00,29.84,21.34,5.024937810560445,16.680000000000003
