,TMAX,TMIN,WMAX,RTOT
2018-05-06,25.04,2.64,9.585405573057407,48.099999999999994
