,TMAX,TMIN,WMAX,RTOT
2018-04-02,16.14,-5.26,10.104454463255301,56.789999999999964
