,TMAX,TMIN,WMAX,RTOT
2018-11-05,18.44,1.64,12.553883861180172,17.919999999999998
