,TMAX,TMIN,WMAX,RTOT
2018-02-26,18.84,-3.26,11.400438588054408,98.69000000000001
