,TMAX,TMIN,WMAX,RTOT
2018-07-21 12:00:00,24.14,15.94,7.200694410957877,2.2299999999999995
