,TMAX,TMIN,WMAX,RTOT
2018-03-13,7.04,-3.96,8.94035793466906,24.390000000000008
