,TMAX,TMIN,WMAX,RTOT
2018-07-03,33.84,17.44,7.2532751223154355,53.16999999999999
