,TMAX,TMIN,WMAX,RTOT
2018-06-18,33.04,19.14,6.488451279003334,85.39000000000003
