,TMAX,TMIN,WMAX,RTOT
2018-03-24,12.24,-4.16,10.872442227944925,30.650000000000002
