,TMAX,TMIN,WMAX,RTOT
2018-10-09,29.14,14.34,8.947066558375433,28.199999999999996
