,TMAX,TMIN,WMAX,RTOT
2018-05-18 12:00:00,26.94,18.14,5.7870545184921145,3.8099999999999996
