,TMAX,TMIN,WMAX,RTOT
2019-01-03,13.44,-9.16,10.288342918079666,13.669999999999998
