,TMAX,TMIN,WMAX,RTOT
2018-12-27,12.44,-2.36,9.159148432032314,21.520000000000003
