,TMAX,TMIN,WMAX,RTOT
2018-04-16,20.24,-2.86,10.778218776773832,21.020000000000003
