,TMAX,TMIN,WMAX,RTOT
2018-12-07,18.34,-4.26,10.20196059588548,44.339999999999996
