,TMAX,TMIN,WMAX,RTOT
2018-04-24,17.74,-2.16,11.044002897500524,2.1900000000000004
