,TMAX,TMIN,WMAX,RTOT
2018-12-24,9.34,-2.56,10.890362712049585,15.749999999999996
