,TMAX,TMIN,WMAX,RTOT
2018-04-01,15.14,-5.96,11.715374513859981,71.19000000000004
