,TMAX,TMIN,WMAX,RTOT
2018-04-12 12:00:00,19.24,15.14,10.15332457867865,8.469999999999999
