,TMAX,TMIN,WMAX,RTOT
2018-08-01,27.44,11.84,5.841232746604093,17.509999999999998
