,TMAX,TMIN,WMAX,RTOT
2018-06-19 12:00:00,29.14,20.84,4.346262762420146,11.320000000000002
