,TMAX,TMIN,WMAX,RTOT
2018-10-29 12:00:00,19.44,8.64,7.576938695805846,5.050000000000001
