,TMAX,TMIN,WMAX,RTOT
2018-02-11,6.94,-11.66,9.1706052144883,11.249999999999996
