,TMAX,TMIN,WMAX,RTOT
2018-09-26,30.44,11.14,8.405950273467004,23.069999999999997
