,TMAX,TMIN,WMAX,RTOT
2018-02-18 12:00:00,16.24,4.84,9.433981132056605,14.530000000000003
