,TMAX,TMIN,WMAX,RTOT
2018-01-22 12:00:00,4.64,-1.76,7.244998274671983,1.9800000000000004
