,TMAX,TMIN,WMAX,RTOT
2018-11-24 12:00:00,12.74,2.64,12.461942063739503,9.590000000000002
