,TMAX,TMIN,WMAX,RTOT
2018-02-05,8.94,-18.46,9.27200086281273,7.760000000000001
