,TMAX,TMIN,WMAX,RTOT
2018-08-14,29.14,16.84,5.3823786563191565,34.89999999999999
