,TMAX,TMIN,WMAX,RTOT
2018-12-14,3.94,-6.86,7.494664769020694,5.359999999999999
