,TMAX,TMIN,WMAX,RTOT
2018-06-30,31.14,15.44,7.749193506423749,54.629999999999995
