,TMAX,TMIN,WMAX,RTOT
2018-01-15 12:00:00,-9.66,-16.56,5.7870545184921145,0.29000000000000004
