,TMAX,TMIN,WMAX,RTOT
2018-01-02 12:00:00,-8.66,-18.06,6.014149981501958,1.1600000000000001
