,TMAX,TMIN,WMAX,RTOT
2018-04-02 12:00:00,16.24,2.54,9.798469268207151,23.899999999999995
