,TMAX,TMIN,WMAX,RTOT
2018-05-24,30.84,12.64,9.556673061269807,37.730000000000004
