,TMAX,TMIN,WMAX,RTOT
2018-11-21,6.34,-6.36,5.770615218501403,6.279999999999999
