,TMAX,TMIN,WMAX,RTOT
2018-06-03,33.64,17.84,6.395310782127793,54.559999999999995
