,TMAX,TMIN,WMAX,RTOT
2018-06-30 12:00:00,30.94,22.64,7.1568149340331555,7.9799999999999995
