,TMAX,TMIN,WMAX,RTOT
2018-06-17,31.34,13.34,7.71621668954417,68.87999999999998
