,TMAX,TMIN,WMAX,RTOT
2018-11-19,5.64,-5.76,6.519202405202649,2.3699999999999997
