,TMAX,TMIN,WMAX,RTOT
2018-03-04 12:00:00,5.94,2.34,9.567131231461184,7.790000000000001
