,TMAX,TMIN,WMAX,RTOT
2018-07-22 12:00:00,25.44,14.34,5.5578772926361015,0.30000000000000004
