,TMAX,TMIN,WMAX,RTOT
2018-08-05,28.54,15.04,5.069516742254631,69.24000000000001
