,TMAX,TMIN,WMAX,RTOT
2018-10-27,15.64,-0.56,12.043255373859678,0.44999999999999996
