,TMAX,TMIN,WMAX,RTOT
2018-10-24 12:00:00,10.84,4.64,3.7696153649941526,0.45000000000000007
