,TMAX,TMIN,WMAX,RTOT
2018-03-10,10.74,-3.16,9.102197536858888,8.619999999999996
