,TMAX,TMIN,WMAX,RTOT
2018-07-22,29.34,12.34,5.728001396647874,27.130000000000006
