,TMAX,TMIN,WMAX,RTOT
2018-09-16,27.84,11.24,8.704596486914257,11.169999999999996
