,TMAX,TMIN,WMAX,RTOT
2018-11-13,11.44,-3.66,10.017983829094554,9.049999999999997
