,TMAX,TMIN,WMAX,RTOT
2018-12-01 12:00:00,10.04,4.34,8.487638069569178,1.1300000000000001
