,TMAX,TMIN,WMAX,RTOT
2018-04-19,22.84,-1.26,11.148542505637227,20.640000000000004
