,TMAX,TMIN,WMAX,RTOT
2018-03-03,14.54,0.44,13.87083270751976,33.930000000000014
