,TMAX,TMIN,WMAX,RTOT
2018-09-11,29.84,13.14,5.882176467941097,56.61000000000001
