,TMAX,TMIN,WMAX,RTOT
2018-05-10 12:00:00,27.74,14.14,7.992496481075234,0.7899999999999999
