,TMAX,TMIN,WMAX,RTOT
2018-09-08 12:00:00,19.74,12.34,8.704596486914257,1.5399999999999998
