,TMAX,TMIN,WMAX,RTOT
2018-05-05,26.14,2.44,9.484724561103501,25.529999999999998
