,TMAX,TMIN,WMAX,RTOT
2018-02-24,18.84,-2.16,10.084641788382967,28.849999999999998
