,TMAX,TMIN,WMAX,RTOT
2018-01-29,14.44,-2.36,10.791200118615166,20.060000000000002
