,TMAX,TMIN,WMAX,RTOT
2019-01-04,13.74,-12.36,11.475626344561764,41.320000000000014
