,TMAX,TMIN,WMAX,RTOT
2018-01-14,14.34,-21.46,11.240106761058811,21.850000000000005
