,TMAX,TMIN,WMAX,RTOT
2018-08-25,27.04,12.64,7.798717843338096,22.349999999999998
