,TMAX,TMIN,WMAX,RTOT
2018-09-15,29.54,12.94,10.50047617967871,88.71000000000001
