,TMAX,TMIN,WMAX,RTOT
2018-01-26,10.44,-8.96,11.651609330903607,18.469999999999995
