,TMAX,TMIN,WMAX,RTOT
2018-07-27,28.54,17.44,7.42159012611179,24.60000000000001
