,TMAX,TMIN,WMAX,RTOT
2018-03-17,17.04,-4.16,8.352843827104634,8.939999999999998
