,TMAX,TMIN,WMAX,RTOT
2018-03-27,12.44,-0.86,11.20714058089752,33.410000000000004
