,TMAX,TMIN,WMAX,RTOT
2018-06-04,34.04,12.44,7.117583859709698,47.529999999999994
