,TMAX,TMIN,WMAX,RTOT
2018-11-12,12.24,-5.26,10.690182411914215,22.869999999999997
