,TMAX,TMIN,WMAX,RTOT
2018-11-02,15.04,3.34,9.070832376358855,36.28999999999999
