,TMAX,TMIN,WMAX,RTOT
2018-10-07,29.14,8.54,9.5524865872714,27.740000000000002
