,TMAX,TMIN,WMAX,RTOT
2018-09-17,27.74,10.64,7.424957912338629,0.5900000000000001
