,TMAX,TMIN,WMAX,RTOT
2018-12-23,9.34,-2.56,10.948059188732952,13.249999999999998
