,TMAX,TMIN,WMAX,RTOT
2018-05-28,30.54,14.74,7.6400261779656224,27.83000000000001
