,TMAX,TMIN,WMAX,RTOT
2018-07-31,27.24,13.14,5.594640292279745,4.489999999999999
