,TMAX,TMIN,WMAX,RTOT
2018-03-23,12.24,-1.06,8.741853350405735,7.399999999999999
