,TMAX,TMIN,WMAX,RTOT
2018-02-07,7.64,-13.16,9.972462083156797,5.729999999999999
