,TMAX,TMIN,WMAX,RTOT
2018-12-31,14.24,-1.86,11.73243367763057,7.179999999999997
