,TMAX,TMIN,WMAX,RTOT
2018-02-28 12:00:00,10.54,2.94,9.585405573057407,10.839999999999998
