,TMAX,TMIN,WMAX,RTOT
2018-01-14 12:00:00,-3.96,-16.36,8.249242389456137,4.2299999999999995
