,TMAX,TMIN,WMAX,RTOT
2018-05-14,28.44,9.94,8.792041856133308,19.279999999999994
