,TMAX,TMIN,WMAX,RTOT
2018-04-27,19.34,0.04,6.606814663663572,6.259999999999999
