,TMAX,TMIN,WMAX,RTOT
2018-09-04,30.14,13.44,9.313431161500041,37.05999999999999
