,TMAX,TMIN,WMAX,RTOT
2018-04-18 12:00:00,9.54,0.44,7.723341245859851,0.5100000000000001
