,TMAX,TMIN,WMAX,RTOT
2018-07-01,33.24,16.24,7.106335201775948,51.929999999999986
