,TMAX,TMIN,WMAX,RTOT
2018-04-13,15.44,-4.86,11.402192771568107,12.149999999999999
