,TMAX,TMIN,WMAX,RTOT
2018-10-30,16.94,2.74,6.741661516273269,4.209999999999997
