,TMAX,TMIN,WMAX,RTOT
2018-03-30,16.04,-2.56,12.490396310766124,57.32000000000001
