,TMAX,TMIN,WMAX,RTOT
2018-06-14,31.94,13.84,5.903388857258176,55.50000000000001
