,TMAX,TMIN,WMAX,RTOT
2018-08-12,29.54,16.44,5.6859475903318,46.73999999999999
