,TMAX,TMIN,WMAX,RTOT
2018-08-27,28.44,11.14,7.981227975693966,33.370000000000005
