,TMAX,TMIN,WMAX,RTOT
2018-10-05 12:00:00,28.64,20.34,5.954829972383762,13.430000000000001
