,TMAX,TMIN,WMAX,RTOT
2018-10-25 12:00:00,9.34,7.04,4.110960958218893,12.129999999999999
