,TMAX,TMIN,WMAX,RTOT
2018-09-20,29.24,13.94,5.643580423808985,2.2199999999999998
