,TMAX,TMIN,WMAX,RTOT
2018-08-13,30.54,15.34,5.024937810560445,55.320000000000014
