,TMAX,TMIN,WMAX,RTOT
2018-09-22,29.64,16.74,7.7414468931847615,9.439999999999998
