,TMAX,TMIN,WMAX,RTOT
2018-10-16,28.54,1.44,8.402380615040002,33.25999999999999
