,TMAX,TMIN,WMAX,RTOT
2018-09-21,30.74,15.14,7.38173421358423,9.759999999999998
