,TMAX,TMIN,WMAX,RTOT
2019-10-29 12:00:00,5.54,3.74,6.652818951391959,16.419999999999998
