,TMAX,TMIN,WMAX,RTOT
2019-01-18,1.14,-8.16,6.841052550594828,10.869999999999996
