,TMAX,TMIN,WMAX,RTOT
2019-05-26 12:00:00,28.84,16.94,6.795586803212803,6.3100000000000005
