,TMAX,TMIN,WMAX,RTOT
2019-06-10,29.14,12.34,7.37563556583431,94.97999999999999
