,TMAX,TMIN,WMAX,RTOT
2019-12-21,6.54,-13.36,6.708203932499369,16.669999999999998
