,TMAX,TMIN,WMAX,RTOT
2019-10-31,18.14,-4.06,9.725224933131367,22.400000000000006
