,TMAX,TMIN,WMAX,RTOT
2019-07-19,30.74,13.74,5.261178575186363,12.739999999999998
