,TMAX,TMIN,WMAX,RTOT
2019-10-21,20.64,3.14,9.013878188659973,18.459999999999997
