,TMAX,TMIN,WMAX,RTOT
2019-02-16,8.04,-12.06,12.831991271817481,30.200000000000017
