,TMAX,TMIN,WMAX,RTOT
2019-04-25,25.34,3.24,11.45469336123844,39.940000000000005
