,TMAX,TMIN,WMAX,RTOT
2019-07-12,30.54,17.54,5.325410782277739,23.599999999999998
