,TMAX,TMIN,WMAX,RTOT
2019-08-11,27.64,15.84,4.509988913511872,18.990000000000006
