,TMAX,TMIN,WMAX,RTOT
2019-08-16,28.54,13.94,5.115662224971465,31.250000000000004
