,TMAX,TMIN,WMAX,RTOT
2019-10-15,24.44,1.74,10.307764064044152,10.769999999999998
