,TMAX,TMIN,WMAX,RTOT
2019-07-30,27.64,11.84,7.000714249274855,8.369999999999997
