,TMAX,TMIN,WMAX,RTOT
2019-08-17,30.44,13.94,8.832326986700616,7.210000000000001
