,TMAX,TMIN,WMAX,RTOT
2019-03-20 12:00:00,7.14,2.54,7.021395872616783,0.19999999999999998
