,TMAX,TMIN,WMAX,RTOT
2019-05-09,24.24,8.14,6.400781202322104,45.86000000000001
