,TMAX,TMIN,WMAX,RTOT
2019-12-05,12.24,-1.76,13.48369385591352,35.220000000000006
