,TMAX,TMIN,WMAX,RTOT
2019-04-10 12:00:00,23.14,8.74,11.552488909321662,4.529999999999999
