,TMAX,TMIN,WMAX,RTOT
2019-06-21,29.04,8.94,9.12414379544733,48.10999999999999
