,TMAX,TMIN,WMAX,RTOT
2019-02-09 12:00:00,-1.16,-3.96,4.308131845707604,1.7999999999999998
