,TMAX,TMIN,WMAX,RTOT
2019-07-15,29.44,11.74,5.341348144429457,3.6199999999999997
