,TMAX,TMIN,WMAX,RTOT
2019-11-05,13.64,-3.26,11.131936040060596,24.290000000000003
