,TMAX,TMIN,WMAX,RTOT
2019-10-28,21.84,-0.16,9.749358953285082,22.269999999999996
