,TMAX,TMIN,WMAX,RTOT
2019-08-25 12:00:00,24.54,17.84,8.908984229416955,18.810000000000002
