,TMAX,TMIN,WMAX,RTOT
2019-11-20 12:00:00,14.94,4.84,10.376897416858277,6.279999999999999
