,TMAX,TMIN,WMAX,RTOT
2019-02-01 12:00:00,3.24,-5.56,4.604345773288535,0.22000000000000003
