,TMAX,TMIN,WMAX,RTOT
2019-03-09,5.24,-14.36,7.912016177940993,20.819999999999997
