,TMAX,TMIN,WMAX,RTOT
2019-06-21 12:00:00,27.34,18.54,6.328506932918696,8.399999999999999
