,TMAX,TMIN,WMAX,RTOT
2019-04-21 12:00:00,24.44,13.04,9.14111590562115,0.060000000000000005
