,TMAX,TMIN,WMAX,RTOT
2019-02-05,12.24,-28.46,10.022474744293447,14.629999999999997
