,TMAX,TMIN,WMAX,RTOT
2019-02-20,7.04,-8.56,11.236102527122116,10.379999999999999
