,TMAX,TMIN,WMAX,RTOT
2019-12-18,5.54,-8.66,8.221921916437786,16.759999999999998
