,TMAX,TMIN,WMAX,RTOT
2019-12-20,6.44,-18.36,8.683317338436964,13.469999999999999
