,TMAX,TMIN,WMAX,RTOT
2019-07-23,31.14,19.94,6.83593446428504,30.140000000000004
