,TMAX,TMIN,WMAX,RTOT
2019-06-18 12:00:00,25.04,16.64,5.800862004909271,25.550000000000004
