,TMAX,TMIN,WMAX,RTOT
2019-02-06,15.24,-29.36,9.394147114027968,9.419999999999998
