,TMAX,TMIN,WMAX,RTOT
2019-05-29 12:00:00,26.34,17.24,6.300793600809345,18.099999999999998
