,TMAX,TMIN,WMAX,RTOT
2019-04-28,23.44,4.94,9.718538984847465,2.4299999999999997
