,TMAX,TMIN,WMAX,RTOT
2020-01-01 03:00:00,15.34,-5.56,11.95031380341119,25.650000000000006
