,TMAX,TMIN,WMAX,RTOT
2019-05-06,23.54,3.04,10.555093557141026,68.14999999999999
