,TMAX,TMIN,WMAX,RTOT
2019-05-11,25.44,7.54,7.679192665899196,37.910000000000004
