,TMAX,TMIN,WMAX,RTOT
2019-08-03,27.94,14.04,7.99061950038919,7.8599999999999985
