,TMAX,TMIN,WMAX,RTOT
2019-11-10,12.54,-2.86,8.34865258589672,3.2099999999999995
