,TMAX,TMIN,WMAX,RTOT
2019-01-23 12:00:00,-4.16,-16.46,8.811923740024081,0.45000000000000007
