,TMAX,TMIN,WMAX,RTOT
2019-07-28,30.94,12.94,7.156116265125938,10.689999999999998
