,TMAX,TMIN,WMAX,RTOT
2019-01-31,4.24,-19.16,8.811923740024081,11.149999999999999
