,TMAX,TMIN,WMAX,RTOT
2019-12-03,16.24,-2.76,13.789851340750559,46.470000000000006
