,TMAX,TMIN,WMAX,RTOT
2019-05-08 12:00:00,19.54,10.74,7.864477096412704,9.420000000000002
