,TMAX,TMIN,WMAX,RTOT
2019-11-09,11.64,-5.06,7.472616676907762,4.3100000000000005
