,TMAX,TMIN,WMAX,RTOT
2019-06-12,29.64,12.94,7.818567643756751,51.52999999999999
