,TMAX,TMIN,WMAX,RTOT
2019-11-18,11.24,-10.96,8.905054744357274,24.609999999999996
