,TMAX,TMIN,WMAX,RTOT
2019-05-13,24.64,6.34,7.655063683601855,24.869999999999997
