,TMAX,TMIN,WMAX,RTOT
2019-06-03,30.04,16.84,8.628441342444184,55.75000000000001
