,TMAX,TMIN,WMAX,RTOT
2019-05-14,27.04,6.34,8.287339742040265,34.190000000000005
