,TMAX,TMIN,WMAX,RTOT
2019-12-22,3.54,-8.96,6.296824596572467,11.040000000000003
