,TMAX,TMIN,WMAX,RTOT
2019-04-03 12:00:00,13.94,7.74,5.7870545184921145,15.590000000000002
