,TMAX,TMIN,WMAX,RTOT
2019-12-14 12:00:00,-0.56,-4.96,4.272001872658765,4.220000000000001
