,TMAX,TMIN,WMAX,RTOT
2019-10-23,21.04,3.74,9.708243919473798,14.089999999999998
