,TMAX,TMIN,WMAX,RTOT
2019-07-10,30.54,17.34,5.1478150704935,49.33999999999998
