,TMAX,TMIN,WMAX,RTOT
2019-06-24,30.64,14.14,7.076722405181653,88.16999999999997
