,TMAX,TMIN,WMAX,RTOT
2020-01-01 01:00:00,15.94,-2.56,10.748953437428222,27.490000000000002
