,TMAX,TMIN,WMAX,RTOT
2019-03-08 12:00:00,12.74,-0.56,11.257886124845996,42.80000000000001
