,TMAX,TMIN,WMAX,RTOT
2019-05-31,29.94,14.64,9.924716620639604,49.769999999999996
