,TMAX,TMIN,WMAX,RTOT
2019-01-24 12:00:00,-6.06,-18.06,7.0710678118654755,1.5000000000000002
