,TMAX,TMIN,WMAX,RTOT
2019-05-04,22.24,1.94,10.720074626605918,102.54999999999998
