,TMAX,TMIN,WMAX,RTOT
2019-03-24 12:00:00,9.64,0.24,7.684399781375251,0.31999999999999995
