,TMAX,TMIN,WMAX,RTOT
2019-06-13,28.04,12.54,8.561541917201598,13.509999999999998
