,TMAX,TMIN,WMAX,RTOT
2019-06-29 12:00:00,30.54,21.34,2.7658633371878665,3.0700000000000003
