,TMAX,TMIN,WMAX,RTOT
2019-10-23 12:00:00,13.74,7.54,7.184705978674423,0.21000000000000002
