,TMAX,TMIN,WMAX,RTOT
2019-08-19 12:00:00,30.34,21.24,5.1613951602255765,1.8099999999999998
