,TMAX,TMIN,WMAX,RTOT
2019-03-26,18.14,-1.26,6.400781202322104,13.929999999999998
