,TMAX,TMIN,WMAX,RTOT
2019-07-10 12:00:00,25.74,14.24,4.846648326421054,1.9700000000000002
