,TMAX,TMIN,WMAX,RTOT
2019-04-02,15.64,-2.16,10.16070863670443,27.089999999999996
