,TMAX,TMIN,WMAX,RTOT
2019-02-04,11.24,-29.86,10.530432089900206,22.01999999999999
