,TMAX,TMIN,WMAX,RTOT
2019-07-01,30.14,16.04,9.920181449953423,41.10000000000001
