,TMAX,TMIN,WMAX,RTOT
2019-06-25,30.04,14.84,8.261961026293939,81.31000000000002
