,TMAX,TMIN,WMAX,RTOT
2019-08-21,28.54,14.64,6.435060217278467,20.509999999999998
