,TMAX,TMIN,WMAX,RTOT
2019-11-14,11.34,-9.16,8.372574275573792,0.32999999999999996
