,TMAX,TMIN,WMAX,RTOT
2019-06-16,26.14,8.54,9.402127418834526,20.920000000000005
