,TMAX,TMIN,WMAX,RTOT
2019-07-20,30.84,16.54,7.494664769020693,3.9399999999999995
