,TMAX,TMIN,WMAX,RTOT
2019-02-19,8.94,-12.16,9.916148445843275,36.459999999999994
