,TMAX,TMIN,WMAX,RTOT
2019-08-12 12:00:00,26.74,19.34,4.414748010928823,1.1099999999999999
