,TMAX,TMIN,WMAX,RTOT
2019-06-08 12:00:00,26.04,16.84,4.491102314577124,0.4900000000000001
