,TMAX,TMIN,WMAX,RTOT
2019-04-16,22.44,0.84,11.289818421923357,18.220000000000002
