,TMAX,TMIN,WMAX,RTOT
2019-06-06,29.44,11.44,7.0802542327235685,60.440000000000005
