,TMAX,TMIN,WMAX,RTOT
2020-01-01 01:00:00,15.04,-2.36,11.111255554616678,12.139999999999999
