,TMAX,TMIN,WMAX,RTOT
2019-01-26,4.94,-16.16,11.552056094046636,23.54000000000001
