,TMAX,TMIN,WMAX,RTOT
2019-01-12,14.74,-5.96,10.288342918079666,10.329999999999998
