,TMAX,TMIN,WMAX,RTOT
2019-02-12 12:00:00,2.44,-7.46,9.716480844420989,0.06999999999999999
