,TMAX,TMIN,WMAX,RTOT
2019-02-12,14.24,-11.06,9.617692030835672,32.769999999999996
