,TMAX,TMIN,WMAX,RTOT
2019-10-02 12:00:00,22.24,10.74,6.37808748764079,1.6500000000000001
