,TMAX,TMIN,WMAX,RTOT
2020-01-01,15.34,-4.26,12.924782396620841,19.609999999999996
