,TMAX,TMIN,WMAX,RTOT
2019-05-21,30.24,6.84,8.900561780022652,30.720000000000006
