,TMAX,TMIN,WMAX,RTOT
2019-07-11,30.24,17.14,4.428317965096906,43.410000000000004
