,TMAX,TMIN,WMAX,RTOT
2019-07-15 12:00:00,25.64,19.94,5.61426753904728,17.259999999999998
