,TMAX,TMIN,WMAX,RTOT
2019-01-30 12:00:00,-8.26,-25.06,3.981205847478877,3.3200000000000003
