,TMAX,TMIN,WMAX,RTOT
2019-11-16,10.54,-9.16,8.260750571225353,1.7500000000000002
