,TMAX,TMIN,WMAX,RTOT
2019-03-02 12:00:00,-2.36,-11.26,6.403124237432849,1.4200000000000002
