,TMAX,TMIN,WMAX,RTOT
2019-10-03,29.14,12.24,9.472592042308166,36.06999999999999
