,TMAX,TMIN,WMAX,RTOT
2020-01-01 01:00:00,15.94,-1.86,9.984988733093292,15.939999999999996
