,TMAX,TMIN,WMAX,RTOT
2019-03-23 12:00:00,11.64,5.64,7.710382610480495,6.8999999999999995
