,TMAX,TMIN,WMAX,RTOT
2019-08-21 12:00:00,24.34,15.44,4.882622246293481,2.8899999999999992
