,TMAX,TMIN,WMAX,RTOT
2019-06-04 12:00:00,29.64,20.04,4.011234224026316,6.180000000000001
