,TMAX,TMIN,WMAX,RTOT
2019-10-04 12:00:00,20.04,8.14,4.924428900898052,1.5899999999999999
