,TMAX,TMIN,WMAX,RTOT
2019-11-30,12.64,-1.06,9.047651629014018,6.220000000000001
