,TMAX,TMIN,WMAX,RTOT
2019-07-01 12:00:00,29.74,20.74,4.964876634922564,11.700000000000001
