,TMAX,TMIN,WMAX,RTOT
2019-06-17,26.84,8.54,9.31074647920348,21.290000000000006
