,TMAX,TMIN,WMAX,RTOT
2019-03-15,19.44,-4.66,11.183022847155415,40.410000000000004
