,TMAX,TMIN,WMAX,RTOT
2019-08-28,29.84,13.14,8.590692637965812,33.589999999999996
