,TMAX,TMIN,WMAX,RTOT
2019-05-20,28.24,5.44,9.024965373894794,45.339999999999996
