,TMAX,TMIN,WMAX,RTOT
2019-05-23 12:00:00,29.44,16.54,6.080296045424105,6.4799999999999995
