,TMAX,TMIN,WMAX,RTOT
2019-08-06,26.54,11.24,8.486459803710849,13.889999999999995
