,TMAX,TMIN,WMAX,RTOT
2019-07-06,30.64,20.04,6.762396025078686,29.730000000000004
