,TMAX,TMIN,WMAX,RTOT
2019-01-09,10.24,-2.36,8.841379982785492,11.459999999999997
