,TMAX,TMIN,WMAX,RTOT
2019-05-01,24.14,2.44,12.165525060596439,18.239999999999995
