,TMAX,TMIN,WMAX,RTOT
2019-12-23,4.14,-8.76,6.928924880528003,5.939999999999999
