,TMAX,TMIN,WMAX,RTOT
2019-09-04,28.94,12.64,7.700649323271382,17.589999999999996
