,TMAX,TMIN,WMAX,RTOT
2019-11-10 12:00:00,4.54,-8.86,8.905054744357274,5.539999999999999
