,TMAX,TMIN,WMAX,RTOT
2019-07-29,29.54,13.04,6.942621983083912,18.729999999999997
