,TMAX,TMIN,WMAX,RTOT
2019-04-03,15.54,-1.26,8.590692637965812,29.520000000000007
