,TMAX,TMIN,WMAX,RTOT
2019-08-26,30.14,10.14,6.549045732013177,21.460000000000004
