,TMAX,TMIN,WMAX,RTOT
2019-03-07,5.84,-17.06,7.23394774656273,3.4299999999999997
