,TMAX,TMIN,WMAX,RTOT
2019-09-06,30.04,13.34,7.8230428862431785,14.329999999999998
