,TMAX,TMIN,WMAX,RTOT
2019-09-11,28.64,9.84,8.490583018850943,7.9799999999999995
