,TMAX,TMIN,WMAX,RTOT
2019-03-31,17.04,-1.76,11.197321108193691,12.649999999999999
