,TMAX,TMIN,WMAX,RTOT
2019-03-01,16.44,-6.06,14.503103116229989,10.979999999999997
