,TMAX,TMIN,WMAX,RTOT
2019-10-24 12:00:00,11.24,6.94,3.138470965295043,0.4900000000000001
