,TMAX,TMIN,WMAX,RTOT
2019-04-27,25.74,5.24,11.41577855426427,5.929999999999999
