,TMAX,TMIN,WMAX,RTOT
2019-03-17,20.34,-1.86,14.20211251891774,41.730000000000004
