,TMAX,TMIN,WMAX,RTOT
2019-03-29 12:00:00,13.94,0.74,8.713208364316785,12.799999999999999
