,TMAX,TMIN,WMAX,RTOT
2019-11-05 12:00:00,12.44,2.74,7.454528824815155,1.1400000000000001
