,TMAX,TMIN,WMAX,RTOT
2019-03-14 12:00:00,6.74,-0.06,9.20271699010678,0.7000000000000001
