,TMAX,TMIN,WMAX,RTOT
2019-11-19,5.84,-13.66,10.16070863670443,8.239999999999998
