,TMAX,TMIN,WMAX,RTOT
2019-04-11,22.14,3.54,11.178998166204341,32.019999999999996
