,TMAX,TMIN,WMAX,RTOT
2019-11-25,17.64,-2.56,11.315917991926241,11.700000000000001
