,TMAX,TMIN,WMAX,RTOT
2019-10-25 12:00:00,14.84,6.74,9.364827814754525,31.310000000000002
