,TMAX,TMIN,WMAX,RTOT
2019-03-23,16.14,-1.46,10.028459502834918,2.6599999999999997
