,TMAX,TMIN,WMAX,RTOT
2019-08-04,27.94,15.04,6.711929677819934,19.960000000000008
