,TMAX,TMIN,WMAX,RTOT
2019-06-30 12:00:00,30.14,21.84,4.964876634922565,5.5600000000000005
