,TMAX,TMIN,WMAX,RTOT
2019-09-01,25.34,11.24,7.66550715869472,11.409999999999998
