,TMAX,TMIN,WMAX,RTOT
2019-04-06,19.14,-2.56,9.656603957913983,31.459999999999997
