,TMAX,TMIN,WMAX,RTOT
2019-12-08,11.84,-2.46,8.988882021697693,6.909999999999999
