,TMAX,TMIN,WMAX,RTOT
2019-03-13,14.44,-12.96,16.278820596099706,35.81999999999999
