,TMAX,TMIN,WMAX,RTOT
2019-09-30,29.34,11.14,10.123734488813898,36.269999999999996
