,TMAX,TMIN,WMAX,RTOT
2019-08-15,27.64,13.44,5.408326913195984,38.709999999999994
