,TMAX,TMIN,WMAX,RTOT
2019-02-03 12:00:00,14.04,0.94,7.8089692021418555,2.1599999999999997
