,TMAX,TMIN,WMAX,RTOT
2019-02-14,15.64,-12.56,11.75159563633807,21.820000000000007
