,TMAX,TMIN,WMAX,RTOT
2019-07-29 12:00:00,24.14,14.94,5.060632371551998,0.45999999999999996
