,TMAX,TMIN,WMAX,RTOT
2019-12-04,14.54,-1.46,15.002999700059986,38.85000000000001
