,TMAX,TMIN,WMAX,RTOT
2019-08-28 12:00:00,26.14,13.34,7.150524456289902,0.6000000000000001
