,TMAX,TMIN,WMAX,RTOT
2019-06-19,27.54,9.54,9.932270636667127,93.83000000000003
