,TMAX,TMIN,WMAX,RTOT
2019-07-09 12:00:00,30.34,21.24,4.404543109109048,2.5000000000000004
