,TMAX,TMIN,WMAX,RTOT
2019-06-12 12:00:00,17.84,10.64,8.459905436823748,0.8500000000000001
