,TMAX,TMIN,WMAX,RTOT
2019-10-30 12:00:00,5.34,-3.76,11.230761327710601,13.649999999999999
