,TMAX,TMIN,WMAX,RTOT
2019-03-03,14.94,-12.46,13.744089638822937,15.779999999999998
