,TMAX,TMIN,WMAX,RTOT
2019-07-09,30.34,15.34,7.340980860893182,60.019999999999996
