,TMAX,TMIN,WMAX,RTOT
2019-09-13,28.64,11.44,6.694027188471825,16.950000000000003
