,TMAX,TMIN,WMAX,RTOT
2019-08-20,28.34,13.74,6.519202405202649,31.670000000000005
