,TMAX,TMIN,WMAX,RTOT
2019-04-14,23.54,3.54,12.288612614937456,14.259999999999998
