,TMAX,TMIN,WMAX,RTOT
2019-01-27,4.44,-17.56,10.852188719332151,17.499999999999996
