,TMAX,TMIN,WMAX,RTOT
2019-07-16,29.84,15.44,5.87962583843564,4.460000000000001
