,TMAX,TMIN,WMAX,RTOT
2019-02-11,14.04,-7.66,8.06225774829855,37.900000000000006
