,TMAX,TMIN,WMAX,RTOT
2019-03-04 12:00:00,-4.86,-12.06,7.539230729988305,0.21000000000000002
