,TMAX,TMIN,WMAX,RTOT
2019-04-04,16.54,-2.76,9.48736001214247,31.340000000000003
