,TMAX,TMIN,WMAX,RTOT
2019-10-14 12:00:00,16.34,7.04,7.202777242147643,1.1800000000000002
