,TMAX,TMIN,WMAX,RTOT
2020-01-01 03:00:00,15.84,-3.36,9.82344135219425,32.53999999999999
