,TMAX,TMIN,WMAX,RTOT
2019-06-15,26.24,9.74,7.720103626247513,20.169999999999998
