,TMAX,TMIN,WMAX,RTOT
2019-02-07,16.34,-29.06,10.852188719332151,18.689999999999998
