,TMAX,TMIN,WMAX,RTOT
2019-09-08,28.54,8.84,7.430343195303969,7.4399999999999995
