,TMAX,TMIN,WMAX,RTOT
2019-03-22,20.14,-1.36,13.601470508735444,11.179999999999996
