,TMAX,TMIN,WMAX,RTOT
2019-06-18,24.64,10.44,9.704638066409276,29.049999999999997
