,TMAX,TMIN,WMAX,RTOT
2019-05-03,21.44,3.74,10.4546640309481,39.879999999999995
