,TMAX,TMIN,WMAX,RTOT
2019-02-26,13.54,-4.26,11.543396380615196,30.569999999999997
