,TMAX,TMIN,WMAX,RTOT
2019-05-21 12:00:00,28.14,12.34,8.099382692526634,6.209999999999999
