,TMAX,TMIN,WMAX,RTOT
2019-02-22 12:00:00,15.44,1.54,9.377632963600142,7.699999999999999
