,TMAX,TMIN,WMAX,RTOT
2019-10-06,29.64,5.74,7.262231062146123,40.120000000000005
