,TMAX,TMIN,WMAX,RTOT
2019-10-11,21.14,6.84,8.309632964216892,13.629999999999999
