,TMAX,TMIN,WMAX,RTOT
2019-09-03,27.04,12.94,7.3824115301167,26.900000000000002
