,TMAX,TMIN,WMAX,RTOT
2019-11-12,12.34,-6.96,8.104936767180853,3.2199999999999998
