,TMAX,TMIN,WMAX,RTOT
2019-09-26,28.24,15.84,7.647875521999557,58.78000000000001
