,TMAX,TMIN,WMAX,RTOT
2019-08-13 12:00:00,25.04,15.84,6.135144660071187,0.5800000000000001
