,TMAX,TMIN,WMAX,RTOT
2019-12-11,11.34,-5.96,9.761659694949419,7.630000000000001
