,TMAX,TMIN,WMAX,RTOT
2019-09-29,30.04,9.74,8.792041856133308,15.319999999999997
