,TMAX,TMIN,WMAX,RTOT
2019-01-19,1.44,-9.66,6.586349520030045,21.419999999999995
