,TMAX,TMIN,WMAX,RTOT
2019-05-29,30.34,8.84,14.241137595009747,55.280000000000015
