,TMAX,TMIN,WMAX,RTOT
2019-05-02,19.84,3.34,10.897706180660222,58.43000000000001
