,TMAX,TMIN,WMAX,RTOT
2019-04-08,19.84,-2.76,7.029224708315989,20.419999999999998
