,TMAX,TMIN,WMAX,RTOT
2019-09-14 12:00:00,28.64,16.64,5.87962583843564,0.33999999999999997
