,TMAX,TMIN,WMAX,RTOT
2019-07-31,27.14,12.84,5.82494635168428,14.330000000000002
