,TMAX,TMIN,WMAX,RTOT
2019-06-28,30.84,13.64,8.832326986700616,37.62000000000001
