,TMAX,TMIN,WMAX,RTOT
2019-07-31 12:00:00,24.74,12.24,4.031128874149275,0.6200000000000001
