,TMAX,TMIN,WMAX,RTOT
2019-01-30,5.54,-18.06,9.402127418834526,51.93999999999999
