,TMAX,TMIN,WMAX,RTOT
2019-08-22,29.74,15.44,9.417536832951598,46.53000000000001
