,TMAX,TMIN,WMAX,RTOT
2019-10-26,20.64,4.04,9.49210198006743,32.739999999999995
