,TMAX,TMIN,WMAX,RTOT
2019-02-15,10.74,-11.66,10.30970416646375,10.870000000000001
