,TMAX,TMIN,WMAX,RTOT
2019-03-06,6.64,-16.76,7.877182237323192,6.199999999999998
