,TMAX,TMIN,WMAX,RTOT
2019-10-18 12:00:00,18.74,6.24,4.98196748283246,0.060000000000000005
