,TMAX,TMIN,WMAX,RTOT
2019-12-13,11.44,-11.36,9.192388155425117,24.310000000000002
