,TMAX,TMIN,WMAX,RTOT
2019-03-11,10.04,-15.56,13.66930868771351,34.31999999999999
