,TMAX,TMIN,WMAX,RTOT
2019-08-24,31.44,17.64,7.006425622241344,76.39999999999998
