,TMAX,TMIN,WMAX,RTOT
2019-09-07,29.84,10.84,8.497058314499201,9.459999999999999
