,TMAX,TMIN,WMAX,RTOT
2019-10-01,28.64,11.14,8.309632964216892,66.44000000000001
