,TMAX,TMIN,WMAX,RTOT
2019-05-12,27.34,8.24,11.276967677527502,20.47000000000001
