,TMAX,TMIN,WMAX,RTOT
2019-01-18 12:00:00,-0.26,-8.16,11.552056094046636,18.279999999999998
