,TMAX,TMIN,WMAX,RTOT
2019-07-14,29.54,14.54,5.292447448959697,11.929999999999996
