,TMAX,TMIN,WMAX,RTOT
2019-05-26,30.24,8.74,12.86001555209013,41.839999999999996
