,TMAX,TMIN,WMAX,RTOT
2019-06-01,30.44,10.74,11.344161493913951,23.810000000000002
