,TMAX,TMIN,WMAX,RTOT
2019-09-02,24.54,12.04,8.908984229416955,24.510000000000005
