,TMAX,TMIN,WMAX,RTOT
2019-01-11,14.74,-3.06,10.878419002777932,21.080000000000002
