,TMAX,TMIN,WMAX,RTOT
2019-06-03 12:00:00,26.94,15.34,7.513321502504734,4.3100000000000005
