,TMAX,TMIN,WMAX,RTOT
2019-01-25,7.24,-13.46,11.140017953306899,28.560000000000002
