,TMAX,TMIN,WMAX,RTOT
2019-02-11 12:00:00,2.54,-2.96,9.916148445843275,3.3499999999999996
