,TMAX,TMIN,WMAX,RTOT
2019-10-09 12:00:00,22.04,13.04,6.328506932918696,6.8999999999999995
