,TMAX,TMIN,WMAX,RTOT
2019-07-17,30.34,16.74,5.4561891462814955,5.5299999999999985
