,TMAX,TMIN,WMAX,RTOT
2019-06-11,29.94,15.34,7.912016177940993,54.220000000000006
