,TMAX,TMIN,WMAX,RTOT
2019-12-06,13.14,-1.46,9.525754563287887,27.790000000000006
