,TMAX,TMIN,WMAX,RTOT
2019-01-21,1.54,-18.16,10.806016842481785,16.609999999999996
