,TMAX,TMIN,WMAX,RTOT
2019-06-26,30.24,15.34,9.159148432032314,72.24000000000001
