,TMAX,TMIN,WMAX,RTOT
2019-04-15,22.54,0.84,13.810141201305655,13.649999999999997
