,TMAX,TMIN,WMAX,RTOT
2019-02-18,10.84,-12.56,12.665701717630967,32.339999999999996
