,TMAX,TMIN,WMAX,RTOT
2019-07-22,30.84,18.64,7.747257579298625,16.759999999999998
