,TMAX,TMIN,WMAX,RTOT
2019-02-02,3.54,-25.96,10.700467279516348,9.149999999999991
