,TMAX,TMIN,WMAX,RTOT
2019-01-16,8.94,-6.66,10.685036265731624,7.569999999999999
