,TMAX,TMIN,WMAX,RTOT
2019-02-27,14.34,-4.96,13.778606605894517,36.88999999999998
