,TMAX,TMIN,WMAX,RTOT
2019-06-05,30.24,14.34,7.026378868236469,37.370000000000005
