,TMAX,TMIN,WMAX,RTOT
2019-01-21 12:00:00,5.04,-8.66,10.401922899156675,12.830000000000002
