,TMAX,TMIN,WMAX,RTOT
2019-09-10,28.74,10.44,8.74642784226795,1.8800000000000003
