,TMAX,TMIN,WMAX,RTOT
2019-12-28 12:00:00,15.94,9.34,9.701546268507922,11.579999999999997
