,TMAX,TMIN,WMAX,RTOT
2019-06-04,29.24,14.04,7.800640999302557,106.17000000000002
