,TMAX,TMIN,WMAX,RTOT
2019-02-01,2.34,-31.46,10.538500842150178,17.470000000000002
