,TMAX,TMIN,WMAX,RTOT
2019-07-26,30.94,13.64,7.102112361825881,26.929999999999993
