,TMAX,TMIN,WMAX,RTOT
2019-08-14 12:00:00,24.84,15.44,4.254409477236529,0.3500000000000001
