,TMAX,TMIN,WMAX,RTOT
2019-02-17 12:00:00,-0.26,-3.56,4.884669896727925,0.7100000000000001
