,TMAX,TMIN,WMAX,RTOT
2019-12-16,11.34,-5.06,10.15135458941318,16.259999999999998
