,TMAX,TMIN,WMAX,RTOT
2019-01-20,0.94,-10.36,11.016805344563368,38.36000000000001
