,TMAX,TMIN,WMAX,RTOT
2019-06-29,29.44,16.14,9.761659694949419,64.17999999999999
