,TMAX,TMIN,WMAX,RTOT
2019-07-22 12:00:00,23.74,11.84,4.8754486972995625,0.35000000000000003
