,TMAX,TMIN,WMAX,RTOT
2019-08-18 12:00:00,28.84,19.44,3.517101079013795,3.8800000000000003
