,TMAX,TMIN,WMAX,RTOT
2019-02-23,3.74,-8.26,7.632168761236874,14.389999999999999
