,TMAX,TMIN,WMAX,RTOT
2019-10-14,25.54,3.34,11.510864433221338,35.519999999999996
