,TMAX,TMIN,WMAX,RTOT
2019-05-25,30.64,9.44,12.93213052826177,45.150000000000006
