,TMAX,TMIN,WMAX,RTOT
2019-10-04,29.24,12.44,8.011242100947891,30.330000000000002
