,TMAX,TMIN,WMAX,RTOT
2019-11-13,12.44,-9.46,8.848163651289457,1.3300000000000003
