,TMAX,TMIN,WMAX,RTOT
2019-05-27,29.84,8.94,11.587061750072793,50.44000000000001
