,TMAX,TMIN,WMAX,RTOT
2019-05-16,26.64,7.54,9.297311439335568,31.140000000000004
