,TMAX,TMIN,WMAX,RTOT
2019-10-20 12:00:00,21.84,9.84,9.441398201537737,7.839999999999999
