,TMAX,TMIN,WMAX,RTOT
2019-08-29,28.54,11.74,7.705841939723395,65.35000000000001
