,TMAX,TMIN,WMAX,RTOT
2019-04-13,24.14,1.14,9.808669634563088,14.700000000000003
