,TMAX,TMIN,WMAX,RTOT
2019-06-14,28.94,12.54,7.710382610480494,22.930000000000003
