,TMAX,TMIN,WMAX,RTOT
2019-01-17,4.84,-6.76,8.099382692526634,3.389999999999999
