,TMAX,TMIN,WMAX,RTOT
2019-05-07 12:00:00,25.84,11.04,8.459314393022641,7.889999999999999
