,TMAX,TMIN,WMAX,RTOT
2019-08-30,25.94,12.04,6.88839603971781,22.020000000000003
