,TMAX,TMIN,WMAX,RTOT
2019-08-11 12:00:00,27.34,21.04,6.440496875241847,6.1899999999999995
