,TMAX,TMIN,WMAX,RTOT
2019-10-12,21.14,5.04,9.924716620639604,36.01000000000001
