,TMAX,TMIN,WMAX,RTOT
2019-07-27,31.24,13.54,9.10823802938856,34.15000000000001
