,TMAX,TMIN,WMAX,RTOT
2019-07-05,30.74,18.84,8.766413177577247,39.269999999999996
