,TMAX,TMIN,WMAX,RTOT
2019-02-03,2.04,-29.96,10.374005976477939,11.169999999999998
