,TMAX,TMIN,WMAX,RTOT
2019-04-22,23.54,-1.36,11.833004690272036,26.299999999999997
