,TMAX,TMIN,WMAX,RTOT
2019-06-23 12:00:00,25.04,17.14,8.664871608973788,8.459999999999997
