,TMAX,TMIN,WMAX,RTOT
2019-10-09,30.44,6.94,6.911584478250989,5.739999999999999
