,TMAX,TMIN,WMAX,RTOT
2019-01-28,4.44,-23.66,10.688779163215974,14.409999999999997
