,TMAX,TMIN,WMAX,RTOT
2019-11-04,17.34,-1.46,12.379418403139947,40.46000000000001
