,TMAX,TMIN,WMAX,RTOT
2019-06-19 12:00:00,22.64,14.54,5.748912940721924,2.7199999999999998
