,TMAX,TMIN,WMAX,RTOT
2019-08-25,30.64,18.14,6.691038783328041,11.929999999999998
