,TMAX,TMIN,WMAX,RTOT
2019-11-02,16.24,-3.56,9.364827814754525,38.269999999999996
