,TMAX,TMIN,WMAX,RTOT
2019-05-28,30.74,8.04,11.346365056704284,69.31999999999998
