,TMAX,TMIN,WMAX,RTOT
2019-09-24 12:00:00,26.04,15.04,6.670832032063167,0.41000000000000003
