,TMAX,TMIN,WMAX,RTOT
2019-03-11 12:00:00,11.54,-0.16,6.363961030678928,0.5700000000000001
