,TMAX,TMIN,WMAX,RTOT
2019-10-05,29.94,10.84,8.697700845625814,58.640000000000015
