,TMAX,TMIN,WMAX,RTOT
2019-04-28 12:00:00,17.24,9.04,8.160882305241266,20.810000000000002
