,TMAX,TMIN,WMAX,RTOT
2019-09-15,30.74,12.54,5.852349955359813,17.259999999999998
