,TMAX,TMIN,WMAX,RTOT
2019-10-29,19.04,1.94,13.507035203922436,8.839999999999996
