,TMAX,TMIN,WMAX,RTOT
2019-05-07,24.64,9.44,11.322543883774529,79.93000000000005
