,TMAX,TMIN,WMAX,RTOT
2019-03-16,17.04,-2.26,12.288612614937456,58.20000000000002
