,TMAX,TMIN,WMAX,RTOT
2019-04-26 12:00:00,15.54,3.74,10.720074626605918,5.9399999999999995
