,TMAX,TMIN,WMAX,RTOT
2019-12-30,13.64,-1.36,9.219544457292887,28.040000000000003
