,TMAX,TMIN,WMAX,RTOT
2019-11-28,14.94,-1.16,14.310835055998655,17.049999999999997
