,TMAX,TMIN,WMAX,RTOT
2019-06-08,29.84,9.34,9.749871794028882,59.489999999999995
