,TMAX,TMIN,WMAX,RTOT
2019-08-09,26.84,14.04,4.686149805543993,21.249999999999996
