,TMAX,TMIN,WMAX,RTOT
2019-05-25 12:00:00,25.14,18.24,3.1144823004794877,25.740000000000002
