,TMAX,TMIN,WMAX,RTOT
2020-01-14 12:00:00,9.44,-3.36,8.045495634204272,0.16000000000000003
