,TMAX,TMIN,WMAX,RTOT
2020-01-28 12:00:00,1.44,-2.56,2.3194827009486403,0.5700000000000001
