,TMAX,TMIN,WMAX,RTOT
2020-01-26 12:00:00,2.04,-1.46,3.3301651610693423,0.12000000000000001
