,TMAX,TMIN,WMAX,RTOT
2020-01-24 12:00:00,1.54,-1.06,7.224956747275377,1.2400000000000002
