,TMAX,TMIN,WMAX,RTOT
2020-01-02 12:00:00,7.34,2.34,3.712142238654117,0.6900000000000001
