,TMAX,TMIN,WMAX,RTOT
2020-01-22 12:00:00,1.64,-1.06,6.217716622683925,4.2299999999999995
