,TMAX,TMIN,WMAX,RTOT
2020-01-10 12:00:00,16.04,-2.16,10.711675872616757,34.129999999999995
