,TMAX,TMIN,WMAX,RTOT
2020-01-03 12:00:00,1.44,-1.56,6.952697318307479,1.3900000000000001
